project_number,project_id,utility,state,project_name,project_type,location_role,target_location,expected_voltages,seed_latitude,seed_longitude,seed_display_name,matched_name,matched_operator,matched_voltage,latitude,longitude,osm_id,osm_type,distance_from_seed_miles,match_score,confidence,source,reasons
1,19523,Georgia Power,Georgia,SAV: CC - HYUNDAI MOTORS SAVANNAH AKA. PROJECT EA,SUBSTATION,location_1,HYUNDAI MOTORS SAVANNAH,230000;115000,,,,Hyundai Motors Substation,,,32.1666218,-81.4609318,1458221220,way,,,HIGH,Manual override,"OSM way 1458221220; A customer project's name, so Nominatim finds nothing. GA PDF p. 231 builds a new Hyundai 230kV substation; OSM's Hyundai Motors Substation is tagged 230 kV"
2,18670,Georgia Transmission Corporation,Georgia,GTC: BANKS CROSSING - POND FORK 115 KV,LINE,location_1,BANKS CROSSING,115000,34.2567734,-83.4640511,"Banks Crossing, Banks County, Georgia, 30529, United States",Southeast Toyota Substation,Georgia Power,115000,34.1704228,-83.4317157,171571427,way,6.25,4.0,LOW,OpenStreetMap / Overpass,Operator matches Georgia Transmission Corporation; 1 expected voltage match(es); Within 8 miles of seed location
2,18670,Georgia Transmission Corporation,Georgia,GTC: BANKS CROSSING - POND FORK 115 KV,LINE,location_2,POND FORK,115000,34.2494774,-83.7396206,"Pond Fork, Frontier Trail, Hall County, Georgia, 30507, United States",Gainesville Substation #2,Georgia Power,230000;115000;46000;12000,34.263022,-83.8096728,179716524,way,4.11,4.0,LOW,OpenStreetMap / Overpass,Operator matches Georgia Transmission Corporation; 1 expected voltage match(es); Within 8 miles of seed location
3,18492,Georgia Power,Georgia,MITCHELL - NORTH TIFTON 230KV RECONDUCTOR,LINE,location_1,MITCHELL,230000,,,,Mitchell Substation (230kV),,,31.4471208,-84.1338426,656743294,way,,,HIGH,Manual override,"OSM way 656743294; Nominatim's Mitchell seed led to Warrenton Primary Substation, 158 mi away. This Georgia Power 230 kV substation is 34.5 mi from North Tifton, which fits the 35.21-mile Mitchell - North Tifton 230kV line (18492). The organizers' sheet uses the same point"
3,18492,Georgia Power,Georgia,MITCHELL - NORTH TIFTON 230KV RECONDUCTOR,LINE,location_2,NORTH TIFTON,230000,31.4911421,-83.5020422,"Tifton Fire Department North Station 2, Waterloo Highway, Tift County, Georgia, 31794, United States",North Tifton Substation (500kV),Georgia Power,500000,31.4780887,-83.5491296,53154820,way,2.92,8.0,HIGH,OpenStreetMap / Overpass,Strong partial name match; Operator matches Georgia Power; Within 8 miles of seed location
4,19676,Georgia Power,Georgia,ADAMSVILLE - JACK MCDONOUGH 230KV LINE REBUILD,LINE,location_1,ADAMSVILLE,230000,33.7592737,-84.505209,"Adamsville, Atlanta, Fulton County, Georgia, 10331, United States",Unnamed,Georgia Power,230000,33.7491657,-84.4984989,180059926,way,0.8,5.0,MEDIUM,OpenStreetMap / Overpass,Operator matches Georgia Power; 1 expected voltage match(es); Within 2 miles of seed location
4,19676,Georgia Power,Georgia,ADAMSVILLE - JACK MCDONOUGH 230KV LINE REBUILD,LINE,location_2,JACK MCDONOUGH,230000,,,,,,,,,,,,0,LOW,No match,Nominatim could not find general location
5,18800,Georgia Power,Georgia,ECHECONNEE-WELLSTON 115KV REBUILD,LINE,location_1,ECHECONNEE,115000,32.6851436,-83.700462,"Echeconnee, Houston County, Georgia, 31216, United States",Unnamed,Georgia Power,115000,32.6760008,-83.7079876,760429230,way,0.77,5.0,MEDIUM,OpenStreetMap / Overpass,Operator matches Georgia Power; 1 expected voltage match(es); Within 2 miles of seed location
5,18800,Georgia Power,Georgia,ECHECONNEE-WELLSTON 115KV REBUILD,LINE,location_2,WELLSTON,115000,32.6200973,-83.606568,"Warner Robins, Houston County, Georgia, United States",Unnamed,Georgia Power,115000,32.6000626,-83.5926435,160308119,way,1.6,5.0,MEDIUM,OpenStreetMap / Overpass,Operator matches Georgia Power; 1 expected voltage match(es); Within 2 miles of seed location
6,19187,Georgia Power,Georgia,GRID - BREMEN - CROOKED CREEK (APC) 115 KV PROJECT,LINE,location_1,BREMEN,115000,33.7208676,-85.1456929,"Bremen, Haralson County, Georgia, 30110, United States",Bremen Primary Substation,Georgia Power,230000,33.7091924,-85.1427159,9307582,way,0.82,9.0,HIGH,OpenStreetMap / Overpass,Strong partial name match; Operator matches Georgia Power; Within 2 miles of seed location
6,19187,Georgia Power,Georgia,GRID - BREMEN - CROOKED CREEK (APC) 115 KV PROJECT,LINE,location_2,CROOKED CREEK,115000,33.2645625,-83.2712186,"Crooked Creek, Putnam County, Georgia, United States",Unnamed,Georgia Power,115000;46000;12000,33.193109,-83.0775106,170296006,way,12.24,3.5,LOW,OpenStreetMap / Overpass,Operator matches Georgia Power; 1 expected voltage match(es); Within 15 miles of seed location
7,18153,Georgia Transmission Corporation,Georgia,GTC: BONAIRE PRI- ECHECONNEE 115 KV PARTIAL REBUILD,LINE,location_1,BONAIRE PRIMARY,115000,32.5438429,-83.5960264,"Bonaire, Houston County, Georgia, 31005, United States",Bonaire Primary Substation,Georgia Power,500000,32.5647949,-83.6000226,160308063,way,1.47,10.0,HIGH,OpenStreetMap / Overpass,Exact/normalized name match; Operator matches Georgia Transmission Corporation; Within 2 miles of seed location
7,18153,Georgia Transmission Corporation,Georgia,GTC: BONAIRE PRI- ECHECONNEE 115 KV PARTIAL REBUILD,LINE,location_2,ECHECONNEE,115000,32.6851436,-83.700462,"Echeconnee, Houston County, Georgia, 31216, United States",Unnamed,Georgia Power,115000,32.6760008,-83.7079876,760429230,way,0.77,5.0,MEDIUM,OpenStreetMap / Overpass,Operator matches Georgia Transmission Corporation; 1 expected voltage match(es); Within 2 miles of seed location
8,20342,Georgia Transmission Corporation,Georgia,GTC: CAMDEN INDUSTRIAL PARK 230/115KV NEW SUBSTATION,SUBSTATION,location_1,CAMDEN INDUSTRIAL PARK,230000;115000,,,,,,,,,,,,0,LOW,No match,Nominatim could not find general location
9,20590,Georgia Transmission Corporation,Georgia,GTC: EATONTON PRIMARY - LICK CREEK 115KV LINE SWITCH REPLACEMENT,LINE,location_1,EATONTON PRIMARY,115000,33.3267128,-83.388485,"Eatonton, Putnam County, Georgia, 31024, United States",Eatonton Substation,Georgia Power,230000;115000,33.3044809,-83.4025186,171527955,way,1.74,10.0,HIGH,OpenStreetMap / Overpass,Strong partial name match; Operator matches Georgia Transmission Corporation; 1 expected voltage match(es); Within 2 miles of seed location
9,20590,Georgia Transmission Corporation,Georgia,GTC: EATONTON PRIMARY - LICK CREEK 115KV LINE SWITCH REPLACEMENT,LINE,location_2,LICK CREEK,115000,34.5396701,-84.8039208,"Lick Creek, Redbud, Gordon County, Georgia, United States",Unnamed,Georgia Power,115000;46000,34.5119009,-84.981419,836120337,way,10.28,3.5,LOW,OpenStreetMap / Overpass,Operator matches Georgia Transmission Corporation; 1 expected voltage match(es); Within 15 miles of seed location
10,11821,Georgia Power,Georgia,JESUP - LUDOWICI PRIMARY 115KV REBUILD,LINE,location_1,JESUP,115000,31.6074365,-81.8853924,"Jesup, Wayne County, Georgia, 31599, United States",Jesup Substation,Georgia Power,115000,31.6031063,-81.9249474,103029795,way,2.35,10.0,HIGH,OpenStreetMap / Overpass,Exact/normalized name match; Operator matches Georgia Power; 1 expected voltage match(es); Within 8 miles of seed location
10,11821,Georgia Power,Georgia,JESUP - LUDOWICI PRIMARY 115KV REBUILD,LINE,location_2,LUDOWICI PRIMARY,115000,31.7097964,-81.7430846,"Ludowici, Long County, Georgia, United States",Ludowici Primary Substation,Georgia Power,115000,31.7215974,-81.7437028,358894868,way,0.82,11.0,HIGH,OpenStreetMap / Overpass,Exact/normalized name match; Operator matches Georgia Power; 1 expected voltage match(es); Within 2 miles of seed location
11,13753,MEAG Power,Georgia,MEAG: ALCOVY ROAD - SKC 115 KV RECONDUCTOR,LINE,location_1,ALCOVY ROAD,115000,33.6197112,-83.839807,"Alcovy Road, Covington, Newton County, Georgia, 30014, United States",Unnamed,Georgia Power,115000,33.5638725,-83.9359648,967544558,way,6.75,4.0,LOW,OpenStreetMap / Overpass,Operator matches MEAG Power; 1 expected voltage match(es); Within 8 miles of seed location
11,13753,MEAG Power,Georgia,MEAG: ALCOVY ROAD - SKC 115 KV RECONDUCTOR,LINE,location_2,SKC,115000,33.6194138,-83.8148953,"SKC Films, Covington, Newton County, Georgia, United States",Unnamed,Georgia Power,115000,33.5638725,-83.9359648,967544558,way,7.96,4.0,LOW,OpenStreetMap / Overpass,Operator matches MEAG Power; 1 expected voltage match(es); Within 8 miles of seed location
12,13787,MEAG Power,Georgia,MEAG: AULTMAN ROAD - BONAIRE PRIMARY 115 KV REBUILD,LINE,location_1,AULTMAN ROAD,115000,32.5622532,-83.7388103,"Aultman Road, Fort Valley, Peach County, Georgia, 31008, United States",Unnamed,Georgia Power,115000,32.5824279,-83.5709665,160308080,way,9.87,3.5,LOW,OpenStreetMap / Overpass,Operator matches MEAG Power; 1 expected voltage match(es); Within 15 miles of seed location
12,13787,MEAG Power,Georgia,MEAG: AULTMAN ROAD - BONAIRE PRIMARY 115 KV REBUILD,LINE,location_2,BONAIRE PRIMARY,115000,32.5438429,-83.5960264,"Bonaire, Houston County, Georgia, 31005, United States",Bonaire Primary Substation,Georgia Power,500000,32.5647949,-83.6000226,160308063,way,1.47,10.0,HIGH,OpenStreetMap / Overpass,Exact/normalized name match; Operator matches MEAG Power; Within 2 miles of seed location
13,20464,Georgia Power,Georgia,NORCROSS 230KV BUS 1-3 SERIES BUS TIE BREAKER INSTALLATION,SUBSTATION,location_1,NORCROSS,230000,33.9412127,-84.2135309,"Norcross, Gwinnett County, Georgia, 30071, United States",Norcross Substation,Georgia Power,500000,33.9325571,-84.2134303,159758307,way,0.6,10.0,HIGH,OpenStreetMap / Overpass,Exact/normalized name match; Operator matches Georgia Power; Within 2 miles of seed location
14,19631,Georgia Power,Georgia,PINE GROVE PRIMARY 115 KV DUAL STAGE CAPACITOR BANK,SUBSTATION,location_1,PINE GROVE PRIMARY,115000,33.5695631,-83.7168431,"Pine Grove, Newton County, Georgia, United States",Starrsville Substation,Georgia Power,115000,33.5462007,-83.8456666,970373451,way,7.59,4.0,LOW,OpenStreetMap / Overpass,Operator matches Georgia Power; 1 expected voltage match(es); Within 8 miles of seed location
15,20067,Georgia Power,Georgia,SAV: DEPTFORD - MAGNOLIA 115KV RECONDUCTOR,LINE,location_1,DEPTFORD,115000,,,,Deptford Substation,,,32.0668279,-81.0483845,122007500,way,,,HIGH,Manual override,"OSM way 122007500; Nominatim finds Deptford Road in Duluth. This Georgia Power 115 kV substation is in Savannah, 3.8 mi from Magnolia (the Deptford - Magnolia line is about 5 miles) and 5.9 mi from Boulevard (about 8 miles)"
15,20067,Georgia Power,Georgia,SAV: DEPTFORD - MAGNOLIA 115KV RECONDUCTOR,LINE,location_2,MAGNOLIA,115000,,,,Magnolia Substation,,,32.0226869,-81.0861807,121857248,way,,,HIGH,Manual override,"OSM way 121857248; Nominatim finds Magnolia in Clinch County. This Georgia Power 115 kV substation is in Savannah, 3.6 mi from Boulevard (the Boulevard - Magnolia line is 4.56 miles)"
17,21046,Georgia Power,Georgia,THALMANN AND COLERAIN 23O KV LINE RELAY PANEL UPGRADES,MULTI_SITE,location_1,THALMANN,230000,31.2907813,-81.6887199,"Thalmann, Glynn County, Georgia, United States",Thalmann Substation,Georgia Power,500000;230000,31.2934589,-81.6807807,52068570,way,0.5,11.0,HIGH,OpenStreetMap / Overpass,Exact/normalized name match; Operator matches Georgia Power; 1 expected voltage match(es); Within 2 miles of seed location
17,21046,Georgia Power,Georgia,THALMANN AND COLERAIN 23O KV LINE RELAY PANEL UPGRADES,MULTI_SITE,location_2,COLERAIN,230000,30.8330106,-81.9006672,"Colerain, Camden County, Georgia, United States",Folkston Primary Substation,Georgia Power,230000;115000,30.8799183,-82.0323715,174624633,way,8.46,3.5,LOW,OpenStreetMap / Overpass,Operator matches Georgia Power; 1 expected voltage match(es); Within 15 miles of seed location
18,20431,Georgia Power,Georgia,VILLA RICA LOW SIDE BREAKER,SUBSTATION,location_1,VILLA RICA,,33.732052,-84.9191081,"Villa Rica, Carroll County, Georgia, 30180, United States",Villa Rica Substation,Unknown,500000;230000;115000;46000,33.7410224,-84.8548652,159758304,way,3.74,7.0,MEDIUM,OpenStreetMap / Overpass,Exact/normalized name match; Within 8 miles of seed location
19,20684,Georgia Power,Georgia,CAMDEN INDUSTRIAL PARK (GPC),SUBSTATION,location_1,CAMDEN INDUSTRIAL PARK,230000;115000,,,,,,,,,,,,0,LOW,No match,Nominatim could not find general location
20,18774,Georgia Transmission Corporation,Georgia,GTC: HEARD COUNTY - TENASKA 500KV (SECOND LINE),LINE,location_1,HEARD COUNTY,500000,33.2786225,-85.113782,"Heard County, Georgia, United States",Heard County Substation,Unknown,500000,33.358678,-84.9942221,163891193,way,8.85,7.5,MEDIUM,OpenStreetMap / Overpass,Exact/normalized name match; 1 expected voltage match(es); Within 15 miles of seed location
20,18774,Georgia Transmission Corporation,Georgia,GTC: HEARD COUNTY - TENASKA 500KV (SECOND LINE),LINE,location_2,TENASKA,500000,33.3518271,-85.0000947,"Tenaska Georgia Generation Facility, 2100, Franklin, Heard County, Georgia, 30217, United States",Tenaska Georgia Substation,Georgia Power,500000,33.3516272,-84.9980901,163891161,way,0.12,10.0,HIGH,OpenStreetMap / Overpass,Strong partial name match; Operator matches Georgia Transmission Corporation; 1 expected voltage match(es); Within 2 miles of seed location
21,18889,Georgia Power,Georgia,JEFFERSON STREET#3 - NORTHWEST (WHITE) 115 KV RECONDUCTOR,LINE,location_1,JEFFERSON STREET,115000,,,,,,,,,,,,,LOW,Manual override,"GA PDF p. 250: Northwest - Jefferson Street #3 is 1.2 miles, in zone 206 (Atlanta: Adamsville, Grady, Jack McDonough); Nominatim finds Jefferson Street in Savannah, and the search picked Hutchinson Island Substation. No substation named Jefferson Street is in the cached OSM tiles"
21,18889,Georgia Power,Georgia,JEFFERSON STREET#3 - NORTHWEST (WHITE) 115 KV RECONDUCTOR,LINE,location_2,NORTHWEST,115000,33.770365,-84.3979016,"Coca-Cola USA Building, 310, North Avenue Northwest, Atlanta, Fulton County, Georgia, 30332, United States",Unnamed,Georgia Power,115000,33.7566384,-84.3798065,102226450,way,1.41,5.0,MEDIUM,OpenStreetMap / Overpass,Operator matches Georgia Power; 1 expected voltage match(es); Within 2 miles of seed location
22,20326,Georgia Power,Georgia,ANTHONY SHOALS STATCOM SYSTEM,SUBSTATION,location_1,ANTHONY SHOALS,230000,33.9759251,-82.6654063,"Anthony Shoals Road, Wilkes County, Georgia, United States",Anthony Shoals Substation,Georgia Power,230000;115000,34.0018324,-82.6362788,171540506,way,2.45,10.0,HIGH,OpenStreetMap / Overpass,Exact/normalized name match; Operator matches Georgia Power; 1 expected voltage match(es); Within 8 miles of seed location
23,20152,Georgia Power,Georgia,CC - CASS PINE- HILL VIEW 230 KV LINE- CC IMPROVEMENTS,LINE,location_1,CASS PINE,230000,,,,,,,,,,,,0,LOW,No match,Nominatim could not find general location
23,20152,Georgia Power,Georgia,CC - CASS PINE- HILL VIEW 230 KV LINE- CC IMPROVEMENTS,LINE,location_2,HILL VIEW,230000,33.9865002,-84.35483,"View Hill Court, Sandy Springs, Fulton County, Georgia, 30350, United States",Bull Sluice Substation,Georgia Power,500000;230000,33.9665671,-84.3789738,159758303,way,1.95,5.0,MEDIUM,OpenStreetMap / Overpass,Operator matches Georgia Power; 1 expected voltage match(es); Within 2 miles of seed location
24,20175,Georgia Power,Georgia,CC - PROJECT CHRONOS- SK/HYUNDAI,SUBSTATION,location_1,SK/HYUNDAI,230000;25000,,,,,,,,,,,,0,LOW,No match,Nominatim could not find general location
25,20010,Georgia Transmission Corporation,Georgia,GTC: ANTHONY SHOALS - WASHINGTON 115 KV LINE REBUILD,LINE,location_1,ANTHONY SHOALS,115000,33.9759251,-82.6654063,"Anthony Shoals Road, Wilkes County, Georgia, United States",Anthony Shoals Substation,Georgia Power,230000;115000,34.0018324,-82.6362788,171540506,way,2.45,10.0,HIGH,OpenStreetMap / Overpass,Exact/normalized name match; Operator matches Georgia Transmission Corporation; 1 expected voltage match(es); Within 8 miles of seed location
25,20010,Georgia Transmission Corporation,Georgia,GTC: ANTHONY SHOALS - WASHINGTON 115 KV LINE REBUILD,LINE,location_2,WASHINGTON,115000,32.9619979,-82.7748026,"Washington County, Georgia, United States",Sandersville Substation #1,Georgia Power,230000;115000;46000;12000,32.9984771,-82.801938,170295993,way,2.97,4.0,LOW,OpenStreetMap / Overpass,Operator matches Georgia Transmission Corporation; 1 expected voltage match(es); Within 8 miles of seed location
26,17075,Georgia Power,Georgia,SAV: LITTLE OGEECHEE 230- 115KV: RELAY MODERNIZATION,SUBSTATION,location_1,LITTLE OGEECHEE,230000;115000,31.986822,-81.185477,"Little Ogeechee River, Savannah, Chatham County, Georgia, United States",Little Ogeechee Substation,Georgia Power,230000;115000,32.0067859,-81.2531513,121701191,way,4.2,11.0,HIGH,OpenStreetMap / Overpass,Exact/normalized name match; Operator matches Georgia Power; 2 expected voltage match(es); Within 8 miles of seed location
27,18691,Georgia Transmission Corporation,Georgia,GTC: LIZARD LOPE - WESTOVER 115 KV NEW LINE,LINE,location_1,LIZARD LOPE,115000,31.6139302,-84.5196362,"Lizard Lope Road, Calhoun County, Georgia, United States",Morgan Primary Substation,Georgia Power,115000;46000,31.5280718,-84.584517,171039372,way,7.06,4.0,LOW,OpenStreetMap / Overpass,Operator matches Georgia Transmission Corporation; 1 expected voltage match(es); Within 8 miles of seed location
27,18691,Georgia Transmission Corporation,Georgia,GTC: LIZARD LOPE - WESTOVER 115 KV NEW LINE,LINE,location_2,WESTOVER,115000,31.58934,-84.2112979,"Westover, Albany, Dougherty County, Georgia, 31707, United States",Albany Primary Substation,Georgia Power,230000;115000;13800,31.5639706,-84.1111994,476947518,way,6.15,4.0,LOW,OpenStreetMap / Overpass,Operator matches Georgia Transmission Corporation; 1 expected voltage match(es); Within 8 miles of seed location
28,20018,Georgia Power,Georgia,CC - QTS FAYETTEVILLE TRANSMISSION NEEDS,SUBSTATION,location_1,QTS FAYETTEVILLE,500000;230000,33.4483646,-84.5224884,"QTS, Highway 54 West, Fayetteville, Fayette County, Georgia, United States",Unnamed,Georgia Power,230000,33.4490287,-84.5193927,180131624,way,0.18,5.0,MEDIUM,OpenStreetMap / Overpass,Operator matches Georgia Power; 1 expected voltage match(es); Within 2 miles of seed location
29,19597,Georgia Power,Georgia,ADAMSVILLE - BUZZARD ROOST 230KV REBUILD AND JUMPER UPGRADE,LINE,location_1,ADAMSVILLE,230000,33.7592737,-84.505209,"Adamsville, Atlanta, Fulton County, Georgia, 10331, United States",Unnamed,Georgia Power,230000,33.7491657,-84.4984989,180059926,way,0.8,5.0,MEDIUM,OpenStreetMap / Overpass,Operator matches Georgia Power; 1 expected voltage match(es); Within 2 miles of seed location
29,19597,Georgia Power,Georgia,ADAMSVILLE - BUZZARD ROOST 230KV REBUILD AND JUMPER UPGRADE,LINE,location_2,BUZZARD ROOST,230000,34.6703655,-84.2421386,"Buzzard Roost, Fannin County, Georgia, United States",Ellijay Primary Substation,Unknown,230000,34.6846144,-84.4884373,171713851,way,14.03,1.5,LOW,OpenStreetMap / Overpass,1 expected voltage match(es); Within 15 miles of seed location
30,18960,Georgia Power,Georgia,BLANKETS CREEK - WOODSTOCK 115KV LINE REBUILD,LINE,location_1,BLANKETS CREEK,115000,34.1905292,-84.5085546,"Blankets Creek, Univeter, Canton, Cherokee County, Georgia, 30114, United States",Blankets Creek Substation,Georgia Power,115000,34.1857567,-84.5080123,178249108,way,0.33,11.0,HIGH,OpenStreetMap / Overpass,Exact/normalized name match; Operator matches Georgia Power; 1 expected voltage match(es); Within 2 miles of seed location
30,18960,Georgia Power,Georgia,BLANKETS CREEK - WOODSTOCK 115KV LINE REBUILD,LINE,location_2,WOODSTOCK,115000,34.1014112,-84.5192192,"Woodstock, Cherokee County, Georgia, United States",Woodstock Substation,Georgia Power,230000;115000,34.0852701,-84.5134557,177931262,way,1.16,11.0,HIGH,OpenStreetMap / Overpass,Exact/normalized name match; Operator matches Georgia Power; 1 expected voltage match(es); Within 2 miles of seed location
31,20243,Georgia Power,Georgia,CC - GARRETT ROAD SWITCHING STATION - TRAE LANE,LINE,location_1,GARRETT ROAD,230000,32.5593178,-84.8245144,"Garrett Road, Columbus, Muscogee County, Georgia, 31820, United States",Unnamed,Georgia Power,230000,32.6138594,-84.8212705,163762710,way,3.77,4.0,LOW,OpenStreetMap / Overpass,Operator matches Georgia Power; 1 expected voltage match(es); Within 8 miles of seed location
31,20243,Georgia Power,Georgia,CC - GARRETT ROAD SWITCHING STATION - TRAE LANE,LINE,location_2,TRAE LANE,230000,33.7663266,-84.6063313,"Trae Lane, Douglasville, Douglas County, Georgia, 30122, United States",Unnamed,Georgia Power,230000,33.7421816,-84.5923451,385108815,way,1.85,5.0,MEDIUM,OpenStreetMap / Overpass,Operator matches Georgia Power; 1 expected voltage match(es); Within 2 miles of seed location
32,20216,Georgia Power,Georgia,CC - STONEWALL TELL ROAD (TA REALTY),SUBSTATION,location_1,STONEWALL TELL ROAD,230000,33.6055359,-84.5527443,"Stonewall Tell Road, Stonewall, South Fulton, Fulton County, Georgia, 30349, United States",Unnamed,Georgia Power,230000,33.5183214,-84.6239254,171171652,way,7.29,4.0,LOW,OpenStreetMap / Overpass,Operator matches Georgia Power; 1 expected voltage match(es); Within 8 miles of seed location
33,18679,Dalton Utilities,Georgia,DU: EAST DALTON - OOSTANAULA 115KV REBUILD,LINE,location_1,EAST DALTON,115000,34.7783923,-85.0039484,"East Mount Haven Drive, Dalton, Whitfield County, Georgia, 30722, United States",Unnamed,Unknown,115000,34.7821897,-84.9974394,1057685964,way,0.45,3.0,LOW,OpenStreetMap / Overpass,1 expected voltage match(es); Within 2 miles of seed location
33,18679,Dalton Utilities,Georgia,DU: EAST DALTON - OOSTANAULA 115KV REBUILD,LINE,location_2,OOSTANAULA,115000,34.4814762,-85.0143897,"Oostanaula, Gordon County, Georgia, United States",Unnamed,Georgia Power,115000;46000,34.5119009,-84.981419,836120337,way,2.82,4.0,LOW,OpenStreetMap / Overpass,Operator matches Dalton Utilities; 1 expected voltage match(es); Within 8 miles of seed location
34,20491,Georgia Power,Georgia,EAST POINT RELAY MODERNIZATION,SUBSTATION,location_1,EAST POINT,230000;115000,33.6795531,-84.4393724,"East Point, Fulton County, Georgia, 30344, United States",East Point Primary Substation,Georgia Power,230000,33.6763499,-84.4629659,14128477,relation,1.37,10.0,HIGH,OpenStreetMap / Overpass,Strong partial name match; Operator matches Georgia Power; 1 expected voltage match(es); Within 2 miles of seed location
35,16007,Georgia Power,Georgia,FENWICK STREET - SAND BAR FERRY 115KV (RECONDUCTOR/REBUILD),LINE,location_1,FENWICK STREET,115000,33.4675703,-81.9632522,"Fenwick Street, Augusta, Richmond County, Georgia, 30901, United States",Meridian Brick Substation,Georgia Power,115000,33.4504413,-81.9609096,170166799,way,1.19,5.0,MEDIUM,OpenStreetMap / Overpass,Operator matches Georgia Power; 1 expected voltage match(es); Within 2 miles of seed location
35,16007,Georgia Power,Georgia,FENWICK STREET - SAND BAR FERRY 115KV (RECONDUCTOR/REBUILD),LINE,location_2,SAND BAR FERRY,115000,33.4485609,-81.9225725,"Sand Bar Ferry Road, Marion Homes, Augusta, Richmond County, Georgia, 30901, United States",Nutrasweet Co. Substation,Georgia Power,115000,33.4256928,-81.9382931,170166792,way,1.82,5.0,MEDIUM,OpenStreetMap / Overpass,Operator matches Georgia Power; 1 expected voltage match(es); Within 2 miles of seed location
36,20516,Georgia Power,Georgia,"GOAT ROCK 230KV SWITCH, JUMPER, & LINE TRAP REPLACEMENT",SUBSTATION,location_1,GOAT ROCK,230000,32.6095665,-85.0778226,"Goat Rock Dam, Harris County, Georgia, United States",Goat Rock Dam Substation,Unknown,230000;115000,32.6082662,-85.0824629,171967073,way,0.28,8.0,HIGH,OpenStreetMap / Overpass,Strong partial name match; 1 expected voltage match(es); Within 2 miles of seed location
37,19618,Georgia Power,Georgia,GORDON-N DUBLIN 115KV (GORDON-ENGL MCI J) REBUILD,LINE,location_1,GORDON,115000,34.5019651,-84.8986308,"Gordon County, Georgia, United States",Unnamed,Georgia Power,115000;46000,34.5119009,-84.981419,836120337,way,4.76,4.0,LOW,OpenStreetMap / Overpass,Operator matches Georgia Power; 1 expected voltage match(es); Within 8 miles of seed location
37,19618,Georgia Power,Georgia,GORDON-N DUBLIN 115KV (GORDON-ENGL MCI J) REBUILD,LINE,location_2,NORTH DUBLIN,115000,32.5455833,-82.908126,"North Jefferson Street, Dublin, Laurens County, Georgia, 31921, United States",WestRock Substation,Georgia Power,115000,32.5036702,-82.8426366,960083212,way,4.79,4.0,LOW,OpenStreetMap / Overpass,Operator matches Georgia Power; 1 expected voltage match(es); Within 8 miles of seed location
38,21139,Georgia Power,Georgia,GRADY - MORROW (WHITE) 115KV REBUILD,LINE,location_1,GRADY,115000,30.867067,-84.2322943,"Grady County, Georgia, United States",Unnamed,Georgia Power,115000,30.877467,-84.2109021,541802983,way,1.46,5.0,MEDIUM,OpenStreetMap / Overpass,Operator matches Georgia Power; 1 expected voltage match(es); Within 2 miles of seed location
38,21139,Georgia Power,Georgia,GRADY - MORROW (WHITE) 115KV REBUILD,LINE,location_2,MORROW,115000,33.5831662,-84.3393683,"Morrow, Clayton County, Georgia, 30260, United States",Morrow Substation,Georgia Power,230000,33.605931,-84.3334617,171479107,way,1.61,10.0,HIGH,OpenStreetMap / Overpass,Exact/normalized name match; Operator matches Georgia Power; Within 2 miles of seed location
39,20474,Georgia Power,Georgia,GRADY 230/115KV RELAY MODERNIZATION,SUBSTATION,location_1,GRADY,230000;115000,30.867067,-84.2322943,"Grady County, Georgia, United States",Unnamed,Georgia Power,115000,30.877467,-84.2109021,541802983,way,1.46,5.0,MEDIUM,OpenStreetMap / Overpass,Operator matches Georgia Power; 1 expected voltage match(es); Within 2 miles of seed location
40,19706,Georgia Power,Georgia,GRID - GAINESVILLE #2 EQUIPMENT REPLACEMENT,SUBSTATION,location_1,GAINESVILLE,230000;115000,34.2978794,-83.8240663,"Gainesville, Hall County, Georgia, 30501, United States",Gainesville Substation #2,Georgia Power,230000;115000;46000;12000,34.263022,-83.8096728,179716524,way,2.54,10.0,HIGH,OpenStreetMap / Overpass,Strong partial name match; Operator matches Georgia Power; 2 expected voltage match(es); Within 8 miles of seed location
41,21137,Georgia Transmission Corporation,Georgia,GTC: CONYERS - CORNISH MOUNTAIN 115KV LINE UPGRADE,LINE,location_1,CONYERS,115000,33.6676103,-84.0176904,"Conyers, Rockdale County, Georgia, United States",Unnamed,Georgia Power,230000;115000;46000;12000,33.6977047,-84.0427618,175826912,way,2.53,4.0,LOW,OpenStreetMap / Overpass,Operator matches Georgia Transmission Corporation; 1 expected voltage match(es); Within 8 miles of seed location
41,21137,Georgia Transmission Corporation,Georgia,GTC: CONYERS - CORNISH MOUNTAIN 115KV LINE UPGRADE,LINE,location_2,CORNISH MOUNTAIN,115000,33.6734475,-83.8137912,"Cornish Mountain, Newton County, Georgia, 30053, United States",Newton Data Center Substation,Georgia Power,115000,33.6036661,-83.7031155,1054387469,way,7.99,4.0,LOW,OpenStreetMap / Overpass,Operator matches Georgia Transmission Corporation; 1 expected voltage match(es); Within 8 miles of seed location
42,19334,Georgia Transmission Corporation,Georgia,GTC: LAGRANGE - NORTH OPELIKA 230 KV,LINE,location_1,LAGRANGE,230000,33.039291,-85.0313269,"LaGrange, Troup County, Georgia, United States",LaGrange Primary Substation,Georgia Power,230000,33.0241058,-85.0156804,171039366,way,1.39,10.0,HIGH,OpenStreetMap / Overpass,Strong partial name match; Operator matches Georgia Transmission Corporation; 1 expected voltage match(es); Within 2 miles of seed location
42,19334,Georgia Transmission Corporation,Georgia,GTC: LAGRANGE - NORTH OPELIKA 230 KV,LINE,location_2,NORTH OPELIKA,230000,,,,,,,,,,,,0,LOW,No match,Nominatim could not find general location
43,20015,Georgia Transmission Corporation,Georgia,GTC: MORNING HORNET 2ND 230/115 KV BANK & THUMBS UP 115KV TL,SUBSTATION,location_1,MORNING HORNET,230000;115000,,,,,,,,,,,,0,LOW,No match,Nominatim could not find general location
44,19999,Georgia Transmission Corporation,Georgia,GTC: ROBINS SPRING BUS REPLACEMENT,SUBSTATION,location_1,ROBINS SPRING,115000,,,,,,,,,,,,0,LOW,No match,Nominatim could not find general location
45,20001,Georgia Transmission Corporation,Georgia,GTC: ROBINS SPRING CAPACITOR BANK INSTALLATION,SUBSTATION,location_1,ROBINS SPRING,115000,,,,,,,,,,,,0,LOW,No match,Nominatim could not find general location
46,19636,Georgia Power,Georgia,HAMMOND - WEISS DAM 115KV LINE REBUILD,LINE,location_1,HAMMOND,115000,33.9253798,-84.3674264,"Hammond, Sandy Springs, Fulton County, Georgia, 30328, United States",Unnamed,Georgia Power,115000,33.9636434,-84.3438437,159758311,way,2.97,4.0,LOW,OpenStreetMap / Overpass,Operator matches Georgia Power; 1 expected voltage match(es); Within 8 miles of seed location
46,19636,Georgia Power,Georgia,HAMMOND - WEISS DAM 115KV LINE REBUILD,LINE,location_2,WEISS DAM,115000,,,,,,,,,,,,0,LOW,No match,Nominatim could not find general location
47,20512,Georgia Power,Georgia,KATHLEEN AREA IMPROVEMENTS,SUBSTATION,location_1,KATHLEEN,230000,32.495294,-83.6099696,"Kathleen, Houston County, Georgia, 31047, United States",Unnamed,Georgia Power,230000;115000,32.4845687,-83.5833178,177850741,way,1.72,5.0,MEDIUM,OpenStreetMap / Overpass,Operator matches Georgia Power; 1 expected voltage match(es); Within 2 miles of seed location
48,20490,Georgia Power,Georgia,KLONDIKE RELAY MODERNIZATION,SUBSTATION,location_1,KLONDIKE,230000,33.6456653,-84.1265833,"Klondike, Stonecrest, DeKalb County, Georgia, 30038, United States",Klondike Substation,Georgia Power,500000;230000,33.6369768,-84.124487,159784541,way,0.61,11.0,HIGH,OpenStreetMap / Overpass,Exact/normalized name match; Operator matches Georgia Power; 1 expected voltage match(es); Within 2 miles of seed location
49,19598,MEAG Power,Georgia,MEAG: DRESDEN - LAGRANGE PRIMARY 230KV UPGRADE & JUMPERS,LINE,location_1,DRESDEN,230000,33.3515055,-84.918549,"Dresden, Coweta County, Georgia, United States",Dresden Substation,Unknown,500000,33.3511155,-84.9059539,163891152,way,0.73,8.0,HIGH,OpenStreetMap / Overpass,Exact/normalized name match; Within 2 miles of seed location
49,19598,MEAG Power,Georgia,MEAG: DRESDEN - LAGRANGE PRIMARY 230KV UPGRADE & JUMPERS,LINE,location_2,LAGRANGE PRIMARY,230000,33.039291,-85.0313269,"LaGrange, Troup County, Georgia, United States",LaGrange Primary Substation,Georgia Power,230000,33.0241058,-85.0156804,171039366,way,1.39,11.0,HIGH,OpenStreetMap / Overpass,Exact/normalized name match; Operator matches MEAG Power; 1 expected voltage match(es); Within 2 miles of seed location
50,20270,MEAG Power,Georgia,MEAG: RAY PLACE RD - WASHINGTON #3,LINE,location_1,RAY PLACE ROAD,115000,33.4617346,-82.8297161,"Ray Place Road, Warren County, Georgia, United States",Ray Place Road Switching Station,Unknown,115000,33.4682585,-82.8197717,1085484843,way,0.73,9.0,HIGH,OpenStreetMap / Overpass,Exact/normalized name match; 1 expected voltage match(es); Within 2 miles of seed location
50,20270,MEAG Power,Georgia,MEAG: RAY PLACE RD - WASHINGTON #3,LINE,location_2,WASHINGTON,115000,32.9619979,-82.7748026,"Washington County, Georgia, United States",Unnamed,MEAG,115000,32.9661681,-82.8066965,840331506,way,1.87,5.0,MEDIUM,OpenStreetMap / Overpass,Operator matches MEAG Power; 1 expected voltage match(es); Within 2 miles of seed location
51,20271,MEAG Power,Georgia,MEAG: RAY PLACE RD - WASHINGTON (WASHINGTON - WASHINGTON 3),LINE,location_1,RAY PLACE ROAD,115000,33.4617346,-82.8297161,"Ray Place Road, Warren County, Georgia, United States",Ray Place Road Switching Station,Unknown,115000,33.4682585,-82.8197717,1085484843,way,0.73,9.0,HIGH,OpenStreetMap / Overpass,Exact/normalized name match; 1 expected voltage match(es); Within 2 miles of seed location
51,20271,MEAG Power,Georgia,MEAG: RAY PLACE RD - WASHINGTON (WASHINGTON - WASHINGTON 3),LINE,location_2,WASHINGTON,115000,32.9619979,-82.7748026,"Washington County, Georgia, United States",Unnamed,MEAG,115000,32.9661681,-82.8066965,840331506,way,1.87,5.0,MEDIUM,OpenStreetMap / Overpass,Operator matches MEAG Power; 1 expected voltage match(es); Within 2 miles of seed location
52,20300,Georgia Power,Georgia,MORROW 115KV RELAY UPGRADE,SUBSTATION,location_1,MORROW,115000,33.5831662,-84.3393683,"Morrow, Clayton County, Georgia, 30260, United States",Morrow Substation,Georgia Power,230000,33.605931,-84.3334617,171479107,way,1.61,10.0,HIGH,OpenStreetMap / Overpass,Exact/normalized name match; Operator matches Georgia Power; Within 2 miles of seed location
53,18690,Georgia Power,Georgia,PALMYRA REACTOR REMOVAL,SUBSTATION,location_1,PALMYRA,,31.6376726,-84.1943534,"Palmyra, Lee County, Georgia, 31650, United States",Flint River Primary Substation,Georgia Power,25000,31.6035893,-84.1469956,339704539,way,3.65,3.0,LOW,OpenStreetMap / Overpass,Operator matches Georgia Power; Within 8 miles of seed location
54,20066,Georgia Power,Georgia,SAV: BOULEVARD - DEPTFORD 115KV RECONDUCTOR,LINE,location_1,BOULEVARD,115000,,,,Boulevard Substation,,,32.0412308,-81.1444637,381797798,way,,,HIGH,Manual override,"OSM way 381797798; Nominatim finds Boulevard in Athens. This Georgia Power 230/115 kV substation is in Savannah, 3.6 mi from Magnolia (the Boulevard - Magnolia line is 4.56 miles) and 5.9 mi from Deptford (about 8 miles)"
54,20066,Georgia Power,Georgia,SAV: BOULEVARD - DEPTFORD 115KV RECONDUCTOR,LINE,location_2,DEPTFORD,115000,,,,Deptford Substation,,,32.0668279,-81.0483845,122007500,way,,,HIGH,Manual override,"OSM way 122007500; Nominatim finds Deptford Road in Duluth. This Georgia Power 115 kV substation is in Savannah, 3.8 mi from Magnolia (the Deptford - Magnolia line is about 5 miles) and 5.9 mi from Boulevard (about 8 miles)"
55,19966,Georgia Power,Georgia,SAV: CC - BIG OGEECHEE 500/230KV (CC NETWORK IMPROVEMENTS),SUBSTATION,location_1,BIG OGEECHEE,500000;230000,,,,,,,,,,,,0,LOW,No match,Nominatim could not find general location
56,20277,Georgia Power,Georgia,SAV: MCINTOSH - PURRYSBURG 230KV REACTORS,LINE,location_1,MCINTOSH,230000,,,,McIntosh Substation,,,32.3521162,-81.1751124,121624352,way,,,HIGH,Manual override,"OSM way 121624352; Nominatim finds McIntosh County. This is the Georgia Power substation at Plant McIntosh, 7.4 mi from Goshen (SAV). OSM tags it 230 kV only, though 20065 is a 115 kV line. The organizers' sheet uses this point for 20277 and one 0.4 mi west for 20065"
56,20277,Georgia Power,Georgia,SAV: MCINTOSH - PURRYSBURG 230KV REACTORS,LINE,location_2,PURRYSBURG,230000,32.2370178,-81.0972062,"Purrysburg Road, Hardeeville, Jasper County, South Carolina, 29927, United States",Unnamed,Georgia Power,230000,32.1477068,-81.1527608,121710556,way,6.97,4.0,LOW,OpenStreetMap / Overpass,Operator matches Georgia Power; 1 expected voltage match(es); Within 8 miles of seed location
57,20489,Georgia Power,Georgia,SCOTTDALE RELAY MODERNIZATION,SUBSTATION,location_1,SCOTTDALE,230000;115000,33.797108,-84.2699125,"Scottdale, Clarkston, DeKalb County, Georgia, 30079, United States",Unnamed,Georgia Power,230000,33.7909706,-84.2716775,34771030,way,0.44,5.0,MEDIUM,OpenStreetMap / Overpass,Operator matches Georgia Power; 1 expected voltage match(es); Within 2 miles of seed location
58,17900,Georgia Power,Georgia,UNION CITY - YATES 230 KV WHITE LINE REBUILD,LINE,location_1,UNION CITY,230000,33.5870558,-84.5424299,"Union City, Fulton County, Georgia, United States",Union Substation,Georgia Power,500000,33.5531702,-84.5090666,159758306,way,3.03,8.0,HIGH,OpenStreetMap / Overpass,Strong partial name match; Operator matches Georgia Power; Within 8 miles of seed location
58,17900,Georgia Power,Georgia,UNION CITY - YATES 230 KV WHITE LINE REBUILD,LINE,location_2,YATES,230000,33.463447,-84.8949385,"Yates, Coweta County, Georgia, 30275, United States",Yates Common Substation,Georgia Power,115000;46000,33.4616412,-84.9041978,652943491,way,0.55,9.0,HIGH,OpenStreetMap / Overpass,Strong partial name match; Operator matches Georgia Power; Within 2 miles of seed location
59,20691,Georgia Power,Georgia,UNION CITY - YATES 230KV (WHITE) SWITCH AND TRAP REPLACEMENT,LINE,location_1,UNION CITY,230000,33.5870558,-84.5424299,"Union City, Fulton County, Georgia, United States",Union Substation,Georgia Power,500000,33.5531702,-84.5090666,159758306,way,3.03,8.0,HIGH,OpenStreetMap / Overpass,Strong partial name match; Operator matches Georgia Power; Within 8 miles of seed location
59,20691,Georgia Power,Georgia,UNION CITY - YATES 230KV (WHITE) SWITCH AND TRAP REPLACEMENT,LINE,location_2,YATES,230000,33.463447,-84.8949385,"Yates, Coweta County, Georgia, 30275, United States",Yates Common Substation,Georgia Power,115000;46000,33.4616412,-84.9041978,652943491,way,0.55,9.0,HIGH,OpenStreetMap / Overpass,Strong partial name match; Operator matches Georgia Power; Within 2 miles of seed location
61,21022,Georgia Power,Georgia,OHARA BREAKER REPLACEMENT,SUBSTATION,location_1,OHARA,115000,32.7963538,-83.688955,"Ohara Drive South, Lindsey Park, Macon, Bibb County, Georgia, 31206, United States",Bloomfield Substation,Georgia Power,115000,32.8024716,-83.7150086,843679649,way,1.57,5.0,MEDIUM,OpenStreetMap / Overpass,Operator matches Georgia Power; 1 expected voltage match(es); Within 2 miles of seed location
62,20668,Georgia Power,Georgia,DRESDEN LINE PROTECTIVE RELAYING,SUBSTATION,location_1,DRESDEN,500000,33.3515055,-84.918549,"Dresden, Coweta County, Georgia, United States",Dresden Substation,Unknown,500000,33.3511155,-84.9059539,163891152,way,0.73,9.0,HIGH,OpenStreetMap / Overpass,Exact/normalized name match; 1 expected voltage match(es); Within 2 miles of seed location
63,20874,Georgia Transmission Corporation,Georgia,GTC: BARNESVILLE PRIMARY- BARNESVILLE #1 115KV RECONDUCTOR,LINE,location_1,BARNESVILLE PRIMARY,115000,33.0545709,-84.1557496,"Barnesville, Lamar County, Georgia, 30204, United States",Barnesville Primary Substation,Georgia Power,230000;115000;69000,33.0320694,-84.2012582,564834100,way,3.06,10.0,HIGH,OpenStreetMap / Overpass,Exact/normalized name match; Operator matches Georgia Transmission Corporation; 1 expected voltage match(es); Within 8 miles of seed location
63,20874,Georgia Transmission Corporation,Georgia,GTC: BARNESVILLE PRIMARY- BARNESVILLE #1 115KV RECONDUCTOR,LINE,location_2,BARNESVILLE,115000,33.0545709,-84.1557496,"Barnesville, Lamar County, Georgia, 30204, United States",Barnesville #1 Substation,Georgia Power,115000,33.0555442,-84.1529696,837495144,way,0.17,10.0,HIGH,OpenStreetMap / Overpass,Strong partial name match; Operator matches Georgia Transmission Corporation; 1 expected voltage match(es); Within 2 miles of seed location
64,20273,Georgia Transmission Corporation,Georgia,GTC: DRESDEN 500KV BUS EXPANSION,SUBSTATION,location_1,DRESDEN,500000,33.3515055,-84.918549,"Dresden, Coweta County, Georgia, United States",Dresden Substation,Unknown,500000,33.3511155,-84.9059539,163891152,way,0.73,9.0,HIGH,OpenStreetMap / Overpass,Exact/normalized name match; 1 expected voltage match(es); Within 2 miles of seed location
65,20002,Georgia Transmission Corporation,Georgia,GTC: GORDON - SANDERSVILLE #1 115KV LINE REBUILD,LINE,location_1,GORDON,115000,34.5019651,-84.8986308,"Gordon County, Georgia, United States",Unnamed,Georgia Power,115000;46000,34.5119009,-84.981419,836120337,way,4.76,4.0,LOW,OpenStreetMap / Overpass,Operator matches Georgia Transmission Corporation; 1 expected voltage match(es); Within 8 miles of seed location
65,20002,Georgia Transmission Corporation,Georgia,GTC: GORDON - SANDERSVILLE #1 115KV LINE REBUILD,LINE,location_2,SANDERSVILLE,115000,32.9832812,-82.8116031,"Sandersville, Washington County, Georgia, United States",Sandersville Substation #1,Georgia Power,230000;115000;46000;12000,32.9984771,-82.801938,170295993,way,1.19,10.0,HIGH,OpenStreetMap / Overpass,Strong partial name match; Operator matches Georgia Transmission Corporation; 1 expected voltage match(es); Within 2 miles of seed location
66,20151,Georgia Power,Georgia,CC - CASS PINE 230/25 NEW SUB - QCELLS - CC IMPROVEMENTS,LINE,location_1,CASS PINE,230000;25000,,,,,,,,,,,,0,LOW,No match,Nominatim could not find general location
66,20151,Georgia Power,Georgia,CC - CASS PINE 230/25 NEW SUB - QCELLS - CC IMPROVEMENTS,LINE,location_2,QCELLS,230000;25000,34.2872953,-84.7916925,"Hanwha QCells, Cartersville, Bartow County, Georgia, United States",Cartersville Primary Substation,Georgia Power,230000,34.1799448,-84.8106911,175158197,way,7.5,4.0,LOW,OpenStreetMap / Overpass,Operator matches Georgia Power; 1 expected voltage match(es); Within 8 miles of seed location
67,19287,Georgia Power,Georgia,GRADY-WEST END 115KV REBUILD,LINE,location_1,GRADY,115000,30.867067,-84.2322943,"Grady County, Georgia, United States",Unnamed,Georgia Power,115000,30.877467,-84.2109021,541802983,way,1.46,5.0,MEDIUM,OpenStreetMap / Overpass,Operator matches Georgia Power; 1 expected voltage match(es); Within 2 miles of seed location
67,19287,Georgia Power,Georgia,GRADY-WEST END 115KV REBUILD,LINE,location_2,WEST END,115000,33.7360535,-84.4136642,"West End, 680, Lee Street Southwest, West End, Atlanta, Fulton County, Georgia, 30310, United States",Unnamed,Georgia Power,115000,33.742318,-84.4089247,389730235,way,0.51,5.0,MEDIUM,OpenStreetMap / Overpass,Operator matches Georgia Power; 1 expected voltage match(es); Within 2 miles of seed location
68,19363,Georgia Power,Georgia,MORROW - MOUNTAIN VIEW 115 KV REBUILD,LINE,location_1,MORROW,115000,33.5831662,-84.3393683,"Morrow, Clayton County, Georgia, 30260, United States",Morrow Substation,Georgia Power,230000,33.605931,-84.3334617,171479107,way,1.61,10.0,HIGH,OpenStreetMap / Overpass,Exact/normalized name match; Operator matches Georgia Power; Within 2 miles of seed location
68,19363,Georgia Power,Georgia,MORROW - MOUNTAIN VIEW 115 KV REBUILD,LINE,location_2,MOUNTAIN VIEW,115000,33.6417761,-84.3902038,"Mountain View, Coxs Crossing, Clayton County, Georgia, 30321, United States",Unnamed,Georgia Power,115000,33.6403625,-84.4090781,575687344,way,1.09,5.0,MEDIUM,OpenStreetMap / Overpass,Operator matches Georgia Power; 1 expected voltage match(es); Within 2 miles of seed location
69,18832,MEAG Power,Georgia,MEAG: FORTSON 230KV SUBSTATION MODERNIZATION,SUBSTATION,location_1,FORTSON,230000,33.3778914,-84.2888119,"Fortson, Hampton, Henry County, Georgia, 30284, United States",Woolsey Substation,Georgia Power,230000;12470,33.4042233,-84.364253,180131620,way,4.72,4.0,LOW,OpenStreetMap / Overpass,Operator matches MEAG Power; 1 expected voltage match(es); Within 8 miles of seed location
70,20509,Georgia Power,Georgia,CC - EMBLEM RIVERSIDE CUSTOMER SUB (FLEXENTIAL),SUBSTATION,location_1,EMBLEM RIVERSIDE,230000,,,,,,,,,,,,0,LOW,No match,Nominatim could not find general location
71,19635,Georgia Transmission Corporation,Georgia,GTC: HICKORY LEVEL - VILLA RICA 230KV LINE RECONDUCTOR,LINE,location_1,HICKORY LEVEL,230000,34.2798455,-83.4991351,"Hickory Level Creek, Banks County, Georgia, United States",North Jackson Substation,Georgia Power,230000,34.182423,-83.6646578,171583087,way,11.61,3.5,LOW,OpenStreetMap / Overpass,Operator matches Georgia Transmission Corporation; 1 expected voltage match(es); Within 15 miles of seed location
71,19635,Georgia Transmission Corporation,Georgia,GTC: HICKORY LEVEL - VILLA RICA 230KV LINE RECONDUCTOR,LINE,location_2,VILLA RICA,230000,33.732052,-84.9191081,"Villa Rica, Carroll County, Georgia, 30180, United States",Villa Rica Substation,Unknown,500000;230000;115000;46000,33.7410224,-84.8548652,159758304,way,3.74,8.0,HIGH,OpenStreetMap / Overpass,Exact/normalized name match; 1 expected voltage match(es); Within 8 miles of seed location
72,19601,Georgia Power,Georgia,MORROW - YATES COMMON 115KV LINE UPGRADE,LINE,location_1,MORROW,115000,33.5831662,-84.3393683,"Morrow, Clayton County, Georgia, 30260, United States",Morrow Substation,Georgia Power,230000,33.605931,-84.3334617,171479107,way,1.61,10.0,HIGH,OpenStreetMap / Overpass,Exact/normalized name match; Operator matches Georgia Power; Within 2 miles of seed location
72,19601,Georgia Power,Georgia,MORROW - YATES COMMON 115KV LINE UPGRADE,LINE,location_2,YATES COMMON,115000,,,,,,,,,,,,0,LOW,No match,Nominatim could not find general location
73,15879,Georgia Power,Georgia,POSSUM BRANCH - YATES COMMON 115KV REBUILD (YATES TO CLEM),LINE,location_1,POSSUM BRANCH,115000,30.8514046,-83.5615298,"Possum Branch, Brooks County, Georgia, United States",Langboard Substation,Georgia Power,115000,30.7853188,-83.4803236,660604137,way,6.64,4.0,LOW,OpenStreetMap / Overpass,Operator matches Georgia Power; 1 expected voltage match(es); Within 8 miles of seed location
73,15879,Georgia Power,Georgia,POSSUM BRANCH - YATES COMMON 115KV REBUILD (YATES TO CLEM),LINE,location_2,YATES COMMON,115000,,,,,,,,,,,,0,LOW,No match,Nominatim could not find general location
74,20771,Georgia Power,Georgia,CC - GULLATT ROAD TRANSMISSION IMPROVEMENTS,SUBSTATION,location_1,GULLATT ROAD,115000,33.5141185,-84.6118181,"Gullatt Road, Fairburn, Fulton County, Georgia, 30268, United States",Unnamed,Georgia Power,115000;46000;12000,33.5187675,-84.6191865,171171654,way,0.53,5.0,MEDIUM,OpenStreetMap / Overpass,Operator matches Georgia Power; 1 expected voltage match(es); Within 2 miles of seed location
75,18736,Georgia Power,Georgia,CC - MICROSOFT - SHUGART (CCO06),LINE,location_1,MICROSOFT,230000,33.6392624,-84.517024,"Microsoft, Parkway Circle, East Point, Fulton County, Georgia, 30272, United States",Unnamed,Georgia Power,230000,33.5388786,-84.5589633,171173868,way,7.34,4.0,LOW,OpenStreetMap / Overpass,Operator matches Georgia Power; 1 expected voltage match(es); Within 8 miles of seed location
75,18736,Georgia Power,Georgia,CC - MICROSOFT - SHUGART (CCO06),LINE,location_2,SHUGART,230000,34.9600693,-84.9504134,"Shugart Park, Cohutta, Whitfield County, Georgia, United States",Tunnel Hill Substation,Unknown,230000;115000,34.8570189,-85.0137434,53164092,way,7.97,2.0,LOW,OpenStreetMap / Overpass,1 expected voltage match(es); Within 8 miles of seed location
76,20781,Georgia Power,Georgia,CC - SUMMER LAKE - VILLA RICA 230KV REBUILD (CC IMPROVMNT),LINE,location_1,SUMMER LAKE,230000,30.7624953,-84.6520737,"Summer Lake Dam, Decatur County, Georgia, United States",South Bainbridge Substation,Georgia Power,230000;115000,30.8396079,-84.4889211,165831924,way,11.05,3.5,LOW,OpenStreetMap / Overpass,Operator matches Georgia Power; 1 expected voltage match(es); Within 15 miles of seed location
76,20781,Georgia Power,Georgia,CC - SUMMER LAKE - VILLA RICA 230KV REBUILD (CC IMPROVMNT),LINE,location_2,VILLA RICA,230000,33.732052,-84.9191081,"Villa Rica, Carroll County, Georgia, 30180, United States",Villa Rica Substation,Unknown,500000;230000;115000;46000,33.7410224,-84.8548652,159758304,way,3.74,8.0,HIGH,OpenStreetMap / Overpass,Exact/normalized name match; 1 expected voltage match(es); Within 8 miles of seed location
77,20736,Georgia Power,Georgia,CC - TA REALTY ELLENWOOD NETWORK IMPROVEMENTS,SUBSTATION,location_1,TA REALTY ELLENWOOD,230000;115000,,,,,,,,,,,,0,LOW,No match,Nominatim could not find general location
78,20234,Georgia Power,Georgia,DOYLE - LG&E MONROE 230KV - JACKS CREEK LOOP IN,BOTH,location_1,DOYLE,230000,32.2843205,-84.4438056,"Doyle, Marion County, Georgia, United States",Unnamed,Georgia Power,115000,32.1611295,-84.6083634,555850829,way,12.84,2.5,LOW,OpenStreetMap / Overpass,Operator matches Georgia Power; Within 15 miles of seed location
78,20234,Georgia Power,Georgia,DOYLE - LG&E MONROE 230KV - JACKS CREEK LOOP IN,BOTH,location_2,LG&E MONROE,230000,,,,,,,,,,,,0,LOW,No match,Nominatim could not find general location
79,20858,Georgia Transmission Corporation,Georgia,GTC: ADAMSVILLE - BUZZARD ROOST 230KV REBUILD,LINE,location_1,ADAMSVILLE,230000,33.7592737,-84.505209,"Adamsville, Atlanta, Fulton County, Georgia, 10331, United States",Unnamed,Georgia Power,230000,33.7491657,-84.4984989,180059926,way,0.8,5.0,MEDIUM,OpenStreetMap / Overpass,Operator matches Georgia Transmission Corporation; 1 expected voltage match(es); Within 2 miles of seed location
79,20858,Georgia Transmission Corporation,Georgia,GTC: ADAMSVILLE - BUZZARD ROOST 230KV REBUILD,LINE,location_2,BUZZARD ROOST,230000,34.6703655,-84.2421386,"Buzzard Roost, Fannin County, Georgia, United States",Ellijay Primary Substation,Unknown,230000,34.6846144,-84.4884373,171713851,way,14.03,1.5,LOW,OpenStreetMap / Overpass,1 expected voltage match(es); Within 15 miles of seed location
80,20776,Georgia Transmission Corporation,Georgia,GTC: DOUGLASVILLE - VILLA RICA 230KV REBUILD (CC IMPROVEMENT),LINE,location_1,DOUGLASVILLE,230000,33.7514966,-84.7477136,"Douglasville, Douglas County, Georgia, United States",Unnamed,Georgia Power,230000,33.7819243,-84.7041262,836144527,way,3.27,4.0,LOW,OpenStreetMap / Overpass,Operator matches Georgia Transmission Corporation; 1 expected voltage match(es); Within 8 miles of seed location
80,20776,Georgia Transmission Corporation,Georgia,GTC: DOUGLASVILLE - VILLA RICA 230KV REBUILD (CC IMPROVEMENT),LINE,location_2,VILLA RICA,230000,33.732052,-84.9191081,"Villa Rica, Carroll County, Georgia, 30180, United States",Villa Rica Substation,Unknown,500000;230000;115000;46000,33.7410224,-84.8548652,159758304,way,3.74,8.0,HIGH,OpenStreetMap / Overpass,Exact/normalized name match; 1 expected voltage match(es); Within 8 miles of seed location
81,20778,Georgia Transmission Corporation,Georgia,GTC: DOYLE - WINDER PRIMARY 230KV LINE JUMPER REPLACEMENT,LINE,location_1,DOYLE,230000,32.2843205,-84.4438056,"Doyle, Marion County, Georgia, United States",Unnamed,Georgia Power,115000,32.1611295,-84.6083634,555850829,way,12.84,2.5,LOW,OpenStreetMap / Overpass,Operator matches Georgia Transmission Corporation; Within 15 miles of seed location
81,20778,Georgia Transmission Corporation,Georgia,GTC: DOYLE - WINDER PRIMARY 230KV LINE JUMPER REPLACEMENT,LINE,location_2,WINDER PRIMARY,230000,33.9919085,-83.7184368,"Winder, Barrow County, Georgia, United States",Winder Primary Substation,Georgia Power,230000,33.9954594,-83.7531307,171583070,way,2.0,10.0,HIGH,OpenStreetMap / Overpass,Exact/normalized name match; Operator matches Georgia Transmission Corporation; 1 expected voltage match(es); Within 8 miles of seed location
82,19358,Georgia Transmission Corporation,Georgia,GTC: EAST MOULTRIE - HIGHWAY 112 230 KV LINE,LINE,location_1,EAST MOULTRIE,230000,31.1721439,-83.7609447,"Murphy USA, Park Avenue South East, Moultrie, Colquitt County, Georgia, 31868, United States",East Moultrie Substation,Georgia Power,230000;115000,31.2421775,-83.7434741,174466530,way,4.95,10.0,HIGH,OpenStreetMap / Overpass,Exact/normalized name match; Operator matches Georgia Transmission Corporation; 1 expected voltage match(es); Within 8 miles of seed location
82,19358,Georgia Transmission Corporation,Georgia,GTC: EAST MOULTRIE - HIGHWAY 112 230 KV LINE,LINE,location_2,HIGHWAY 112,230000,34.3679819,-84.3728716,"Ball Ground Highway, Argos USA, Cherokee County, Georgia, 30107, United States",Nelson Substation,Georgia Power,230000;115000;46000,34.3865972,-84.3787707,171713857,way,1.33,5.0,MEDIUM,OpenStreetMap / Overpass,Operator matches Georgia Transmission Corporation; 1 expected voltage match(es); Within 2 miles of seed location
83,09662,Georgia Transmission Corporation,Georgia,GTC: EAST WALTON 500/230KV PROJECT,SUBSTATION,location_1,EAST WALTON,500000;230000,33.0918951,-83.2256872,"East Walton Street, Milledgeville, Baldwin County, Georgia, 31061, United States",West Milledgeville Substation,Georgia Power,230000;115000,33.1290734,-83.3160111,170991661,way,5.82,4.0,LOW,OpenStreetMap / Overpass,Operator matches Georgia Transmission Corporation; 1 expected voltage match(es); Within 8 miles of seed location
84,20505,Georgia Transmission Corporation,Georgia,GTC: GARRETT RD - V. RICA 230KV LINE RECONDUCTOR (CC NET IM),LINE,location_1,GARRETT ROAD,230000,32.5593178,-84.8245144,"Garrett Road, Columbus, Muscogee County, Georgia, 31820, United States",Unnamed,Georgia Power,230000,32.6138594,-84.8212705,163762710,way,3.77,4.0,LOW,OpenStreetMap / Overpass,Operator matches Georgia Transmission Corporation; 1 expected voltage match(es); Within 8 miles of seed location
84,20505,Georgia Transmission Corporation,Georgia,GTC: GARRETT RD - V. RICA 230KV LINE RECONDUCTOR (CC NET IM),LINE,location_2,VILLA RICA,230000,33.732052,-84.9191081,"Villa Rica, Carroll County, Georgia, 30180, United States",Villa Rica Substation,Unknown,500000;230000;115000;46000,33.7410224,-84.8548652,159758304,way,3.74,8.0,HIGH,OpenStreetMap / Overpass,Exact/normalized name match; 1 expected voltage match(es); Within 8 miles of seed location
85,19622,Georgia Transmission Corporation,Georgia,GTC: RIDDLEVILLE BUS REPLACEMENT,SUBSTATION,location_1,RIDDLEVILLE,115000,32.9068227,-82.6656894,"Riddleville, Washington County, Georgia, United States",Sandersville Substation #1,Georgia Power,230000;115000;46000;12000,32.9984771,-82.801938,170295993,way,10.12,3.5,LOW,OpenStreetMap / Overpass,Operator matches Georgia Transmission Corporation; 1 expected voltage match(es); Within 15 miles of seed location
86,19606,Georgia Transmission Corporation,Georgia,GTC: SKC 115KV BUS AND JUMPER REPLACEMENT,SUBSTATION,location_1,SKC,115000,33.6194138,-83.8148953,"SKC Films, Covington, Newton County, Georgia, United States",Unnamed,Georgia Power,115000,33.5638725,-83.9359648,967544558,way,7.96,4.0,LOW,OpenStreetMap / Overpass,Operator matches Georgia Transmission Corporation; 1 expected voltage match(es); Within 8 miles of seed location
87,20020,Georgia Transmission Corporation,Georgia,GTC: SOUTH HAZLEHURST - NEW LACY 230KV LINE,LINE,location_1,SOUTH HAZLEHURST,230000,31.8565756,-82.6052227,"South Cromartie Street, Hazlehurst, Jeff Davis County, Georgia, 31539, United States",South Hazlehurst Substation,Georgia Power,230000;115000;46000;25000,31.8106914,-82.5666923,14670084,relation,3.89,10.0,HIGH,OpenStreetMap / Overpass,Exact/normalized name match; Operator matches Georgia Transmission Corporation; 1 expected voltage match(es); Within 8 miles of seed location
87,20020,Georgia Transmission Corporation,Georgia,GTC: SOUTH HAZLEHURST - NEW LACY 230KV LINE,LINE,location_2,NEW LACY,230000,31.5393726,-82.3715184,"New Lacy, Bacon County, Georgia, United States",Unnamed,Georgia Power,230000,31.5459334,-82.3718492,164875451,way,0.45,5.0,MEDIUM,OpenStreetMap / Overpass,Operator matches Georgia Transmission Corporation; 1 expected voltage match(es); Within 2 miles of seed location
88,20506,Georgia Transmission Corporation,Georgia,GTC: SWITCH WAY - THORNTON ROAD 230KV LINE REBUILD,LINE,location_1,SWITCH WAY,230000,33.7535466,-84.5876494,"Switch Way, Mableton, Douglas County, Georgia, 30122, United States",Unnamed,Georgia Power,230000,33.7421816,-84.5923451,385108815,way,0.83,5.0,MEDIUM,OpenStreetMap / Overpass,Operator matches Georgia Transmission Corporation; 1 expected voltage match(es); Within 2 miles of seed location
88,20506,Georgia Transmission Corporation,Georgia,GTC: SWITCH WAY - THORNTON ROAD 230KV LINE REBUILD,LINE,location_2,THORNTON ROAD,230000,33.79089,-84.6273235,"Thornton Road, Lithia Springs, Douglas County, Georgia, 30122, United States",Milford Substation,Georgia Power,230000,33.8860506,-84.5981346,175000638,way,6.79,4.0,LOW,OpenStreetMap / Overpass,Operator matches Georgia Transmission Corporation; 1 expected voltage match(es); Within 8 miles of seed location
89,18668,Georgia Power,Georgia,JESUP - OFFERMAN 115KV REBUILD,LINE,location_1,JESUP,115000,31.6074365,-81.8853924,"Jesup, Wayne County, Georgia, 31599, United States",Jesup Substation,Georgia Power,115000,31.6031063,-81.9249474,103029795,way,2.35,10.0,HIGH,OpenStreetMap / Overpass,Exact/normalized name match; Operator matches Georgia Power; 1 expected voltage match(es); Within 8 miles of seed location
89,18668,Georgia Power,Georgia,JESUP - OFFERMAN 115KV REBUILD,LINE,location_2,OFFERMAN,115000,31.40966,-82.111785,"Offerman, Pierce County, Georgia, 31556, United States",Offerman Substation,Georgia Power,230000;115000,31.4230725,-82.1436621,52069715,way,2.1,10.0,HIGH,OpenStreetMap / Overpass,Exact/normalized name match; Operator matches Georgia Power; 1 expected voltage match(es); Within 8 miles of seed location
90,10143,Georgia Power,Georgia,LAWRENCEVILLE - WINDER 115KV LINE REBUILD,LINE,location_1,LAWRENCEVILLE,115000,33.9566391,-83.9890066,"Lawrenceville, Gwinnett County, Georgia, United States",Lawrenceville Substation #1,Georgia Power,115000,33.9581487,-84.0198792,985152731,way,1.77,10.0,HIGH,OpenStreetMap / Overpass,Strong partial name match; Operator matches Georgia Power; 1 expected voltage match(es); Within 2 miles of seed location
90,10143,Georgia Power,Georgia,LAWRENCEVILLE - WINDER 115KV LINE REBUILD,LINE,location_2,WINDER,115000,33.9919085,-83.7184368,"Winder, Barrow County, Georgia, United States",Winder Substation,Georgia Power,230000;12000,34.023516,-83.7578307,171583083,way,3.14,9.0,HIGH,OpenStreetMap / Overpass,Exact/normalized name match; Operator matches Georgia Power; Within 8 miles of seed location
91,10481,Georgia Power,Georgia,LAWRENCEVILLE - WINDER PRIMARY 230KV LINE REBUILD,LINE,location_1,LAWRENCEVILLE,230000,33.9566391,-83.9890066,"Lawrenceville, Gwinnett County, Georgia, United States",Lawrenceville Primary Substation,Georgia Power,230000;115000;46000,33.985981,-84.0007988,516459394,way,2.14,9.0,HIGH,OpenStreetMap / Overpass,Strong partial name match; Operator matches Georgia Power; 1 expected voltage match(es); Within 8 miles of seed location
91,10481,Georgia Power,Georgia,LAWRENCEVILLE - WINDER PRIMARY 230KV LINE REBUILD,LINE,location_2,WINDER PRIMARY,230000,33.9919085,-83.7184368,"Winder, Barrow County, Georgia, United States",Winder Primary Substation,Georgia Power,230000,33.9954594,-83.7531307,171583070,way,2.0,10.0,HIGH,OpenStreetMap / Overpass,Exact/normalized name match; Operator matches Georgia Power; 1 expected voltage match(es); Within 8 miles of seed location
92,20264,MEAG Power,Georgia,MEAG: RAY PLACE RD - WARRENTON PRIMARY,LINE,location_1,RAY PLACE ROAD,115000,33.4617346,-82.8297161,"Ray Place Road, Warren County, Georgia, United States",Ray Place Road Switching Station,Unknown,115000,33.4682585,-82.8197717,1085484843,way,0.73,9.0,HIGH,OpenStreetMap / Overpass,Exact/normalized name match; 1 expected voltage match(es); Within 2 miles of seed location
92,20264,MEAG Power,Georgia,MEAG: RAY PLACE RD - WARRENTON PRIMARY,LINE,location_2,WARRENTON PRIMARY,115000,33.4070837,-82.6620781,"Warrenton, Warren County, Georgia, United States",Warrenton Primary Substation,Georgia Power,230000;115000;46000,33.3805007,-82.687296,170296005,way,2.34,10.0,HIGH,OpenStreetMap / Overpass,Exact/normalized name match; Operator matches MEAG Power; 1 expected voltage match(es); Within 8 miles of seed location
93,19248,Georgia Power,Georgia,SANDERSVILLE #1 - WADLEY PRI. 115KV REBUILD/RECONDUCTOR,LINE,location_1,SANDERSVILLE,115000,32.9832812,-82.8116031,"Sandersville, Washington County, Georgia, United States",Sandersville Substation #1,Georgia Power,230000;115000;46000;12000,32.9984771,-82.801938,170295993,way,1.19,10.0,HIGH,OpenStreetMap / Overpass,Strong partial name match; Operator matches Georgia Power; 1 expected voltage match(es); Within 2 miles of seed location
93,19248,Georgia Power,Georgia,SANDERSVILLE #1 - WADLEY PRI. 115KV REBUILD/RECONDUCTOR,LINE,location_2,WADLEY PRIMARY,115000,32.8668223,-82.4040162,"Wadley, Jefferson County, Georgia, 30477, United States",Wadley Substation,Georgia Power,500000,32.8846571,-82.4158724,1005940922,way,1.41,9.0,HIGH,OpenStreetMap / Overpass,Strong partial name match; Operator matches Georgia Power; Within 2 miles of seed location
94,20785,Georgia Power,Georgia,SAV: GOSHEN (SAV) - KRAFT 115KV LINE REBUILD,LINE,location_1,GOSHEN,115000,,,,Goshen Substation,,,32.2487012,-81.2094724,1008141064,way,,,HIGH,Manual override,"OSM way 1008141064; The title says GOSHEN (SAV): Savannah's Goshen, 7.9 mi from Kraft Substation, which fits the 9.3 miles rebuilt of the Goshen - Kraft line. Not the Goshen near Augusta (21116)"
94,20785,Georgia Power,Georgia,SAV: GOSHEN (SAV) - KRAFT 115KV LINE REBUILD,LINE,location_2,KRAFT,115000,,,,Kraft Substation,,,32.1481353,-81.1459835,121986375,way,,,HIGH,Manual override,"OSM way 121986375; Nominatim finds Rome Kraft Lake in north Georgia. This Georgia Power 115 kV substation is in Savannah, 7.9 mi from Goshen (SAV), which fits the 9.3 miles rebuilt of the Goshen - Kraft line"
95,20065,Georgia Power,Georgia,SAV: GOSHEN (SAV) - MCINTOSH 115KV LINE REBUILD,LINE,location_1,GOSHEN,115000,,,,Goshen Substation,,,32.2487012,-81.2094724,1008141064,way,,,HIGH,Manual override,"OSM way 1008141064; The title says GOSHEN (SAV): Savannah's Goshen, a Georgia Power 115 kV substation 7.4 mi from McIntosh. Not the Goshen near Augusta (21116). The organizers' sheet uses the same point"
95,20065,Georgia Power,Georgia,SAV: GOSHEN (SAV) - MCINTOSH 115KV LINE REBUILD,LINE,location_2,MCINTOSH,115000,,,,McIntosh Substation,,,32.3521162,-81.1751124,121624352,way,,,HIGH,Manual override,"OSM way 121624352; Nominatim finds McIntosh County. This is the Georgia Power substation at Plant McIntosh, 7.4 mi from Goshen (SAV). OSM tags it 230 kV only, though 20065 is a 115 kV line. The organizers' sheet uses this point for 20277 and one 0.4 mi west for 20065"
96,20717,Georgia Power,Georgia,CC - TOMOCHICHI 500/230KV SOLUTION (CC NETWORK IMPROVEMENTS),SUBSTATION,location_1,TOMOCHICHI,500000;230000,,,,,,,,,,,,,LOW,Manual override,"GA PDF p. 315: a new 500/230kV switching station splitting the Ohara - Scherer 500kV line, south of Atlanta; Nominatim finds the Tomochichi courthouse in Savannah. The new substation isn't in OSM"
97,18573,Georgia Power,Georgia,GRID - ARKWRIGHT - LLOYD SHOALS 115KV,LINE,location_1,ARKWRIGHT,115000,32.9329147,-83.7029575,"Arkwright, Macon, Bibb County, Georgia, 31209, United States",Arkwight Substation,Georgia Power,115000,32.9272219,-83.698878,164024559,way,0.46,5.0,MEDIUM,OpenStreetMap / Overpass,Operator matches Georgia Power; 1 expected voltage match(es); Within 2 miles of seed location
97,18573,Georgia Power,Georgia,GRID - ARKWRIGHT - LLOYD SHOALS 115KV,LINE,location_2,LLOYD SHOALS,115000,33.3299972,-83.8340046,"Lloyd Shoals - North Saddle Dike, Jasper County, Georgia, United States",Unnamed,Georgia Power,115000,33.3208384,-83.8431814,652954484,way,0.83,5.0,MEDIUM,OpenStreetMap / Overpass,Operator matches Georgia Power; 1 expected voltage match(es); Within 2 miles of seed location
98,20591,Georgia Transmission Corporation,Georgia,GTC: EATONTON PRIMARY (035591) - LICK CREEK 115KV REBUILD,LINE,location_1,EATONTON PRIMARY,115000,33.3267128,-83.388485,"Eatonton, Putnam County, Georgia, 31024, United States",Eatonton Substation,Georgia Power,230000;115000,33.3044809,-83.4025186,171527955,way,1.74,10.0,HIGH,OpenStreetMap / Overpass,Strong partial name match; Operator matches Georgia Transmission Corporation; 1 expected voltage match(es); Within 2 miles of seed location
98,20591,Georgia Transmission Corporation,Georgia,GTC: EATONTON PRIMARY (035591) - LICK CREEK 115KV REBUILD,LINE,location_2,LICK CREEK,115000,34.5396701,-84.8039208,"Lick Creek, Redbud, Gordon County, Georgia, United States",Unnamed,Georgia Power,115000;46000,34.5119009,-84.981419,836120337,way,10.28,3.5,LOW,OpenStreetMap / Overpass,Operator matches Georgia Transmission Corporation; 1 expected voltage match(es); Within 15 miles of seed location
99,17977,Georgia Power,Georgia,ATHENA - EAST WATKINSVILLE 115 KV (REBUILD),LINE,location_1,ATHENA,115000,33.959713,-83.3730675,"Athena, North Thomas Street, Athens, Clarke County, Georgia, 30601, United States",Athena Substation,Georgia Power,230000;115000;12000,33.9764031,-83.3461189,171540528,way,1.93,11.0,HIGH,OpenStreetMap / Overpass,Exact/normalized name match; Operator matches Georgia Power; 1 expected voltage match(es); Within 2 miles of seed location
99,17977,Georgia Power,Georgia,ATHENA - EAST WATKINSVILLE 115 KV (REBUILD),LINE,location_2,EAST WATKINSVILLE,115000,33.8712,-83.3995868,"East Pasture Trail, Watkinsville, Oconee County, Georgia, 30644, United States",East Watkinsville Substation,Georgia Power,230000;115000;12000,33.8605463,-83.3847649,171540512,way,1.12,11.0,HIGH,OpenStreetMap / Overpass,Exact/normalized name match; Operator matches Georgia Power; 1 expected voltage match(es); Within 2 miles of seed location
100,20150,Georgia Power,Georgia,CC - HILL VIEW & GRASSY HOLLOW SUB - CC IMPROVEMENTS,MULTI_SITE,location_1,HILL VIEW,230000,33.9865002,-84.35483,"View Hill Court, Sandy Springs, Fulton County, Georgia, 30350, United States",Bull Sluice Substation,Georgia Power,500000;230000,33.9665671,-84.3789738,159758303,way,1.95,5.0,MEDIUM,OpenStreetMap / Overpass,Operator matches Georgia Power; 1 expected voltage match(es); Within 2 miles of seed location
100,20150,Georgia Power,Georgia,CC - HILL VIEW & GRASSY HOLLOW SUB - CC IMPROVEMENTS,MULTI_SITE,location_2,GRASSY HOLLOW,230000,34.2835936,-84.6479275,"Grassy Hollow Road, Cherokee County, Georgia, 03183, United States",Cartersville Primary Substation,Georgia Power,230000,34.1799448,-84.8106911,175158197,way,11.74,3.5,LOW,OpenStreetMap / Overpass,Operator matches Georgia Power; 1 expected voltage match(es); Within 15 miles of seed location
101,20024,Georgia Power,Georgia,DYER ROAD - EAST ROANOKE 115KV (REBUILD),LINE,location_1,DYER ROAD,115000,34.9171919,-85.2672835,"Dyer Road, Lytle, Fort Oglethorpe, Walker County, Georgia, 30707, United States",Trenton Substation,Georgia Power,115000;25000;12000,34.8669746,-85.5121608,1059668327,way,14.31,3.5,LOW,OpenStreetMap / Overpass,Operator matches Georgia Power; 1 expected voltage match(es); Within 15 miles of seed location
101,20024,Georgia Power,Georgia,DYER ROAD - EAST ROANOKE 115KV (REBUILD),LINE,location_2,EAST ROANOKE,115000,31.7058691,-83.2535199,"East Roanoke Drive, Fitzgerald, Ben Hill County, Georgia, 31750, United States",Ocilla Substation,Georgia Power,115000,31.6098973,-83.2517552,174534094,way,6.63,4.0,LOW,OpenStreetMap / Overpass,Operator matches Georgia Power; 1 expected voltage match(es); Within 8 miles of seed location
102,19997,Georgia Power,Georgia,AULTMAN ROAD-PERRY 115KV LINE REBUILD,LINE,location_1,AULTMAN ROAD,115000,32.5622532,-83.7388103,"Aultman Road, Fort Valley, Peach County, Georgia, 31008, United States",Unnamed,Georgia Power,115000,32.5824279,-83.5709665,160308080,way,9.87,3.5,LOW,OpenStreetMap / Overpass,Operator matches Georgia Power; 1 expected voltage match(es); Within 15 miles of seed location
102,19997,Georgia Power,Georgia,AULTMAN ROAD-PERRY 115KV LINE REBUILD,LINE,location_2,PERRY,115000,32.4586695,-83.7319658,"Perry, Houston County, Georgia, 31069, United States",Perry Primary Substation,Unknown,115000;46000;12000,32.4553814,-83.7020208,177850740,way,1.76,8.0,HIGH,OpenStreetMap / Overpass,Strong partial name match; 1 expected voltage match(es); Within 2 miles of seed location
103,20797,Georgia Power,Georgia,CC - EAST VILLA RICA AREA SWITCHING STATION (CC IMPROVEMENT),SUBSTATION,location_1,EAST VILLA RICA,230000,33.729514,-84.9129225,"East Montgomery Street, Villa Rica, Carroll County, Georgia, 30180, United States",Villa Rica Substation,Unknown,500000;230000;115000;46000,33.7410224,-84.8548652,159758304,way,3.43,7.0,MEDIUM,OpenStreetMap / Overpass,Strong partial name match; 1 expected voltage match(es); Within 8 miles of seed location
104,20774,Georgia Power,Georgia,CC - VILLA RICA UPGRADES (CC NETWORK IMPROVEMENTS),SUBSTATION,location_1,VILLA RICA,500000;230000,33.732052,-84.9191081,"Villa Rica, Carroll County, Georgia, 30180, United States",Villa Rica Substation,Unknown,500000;230000;115000;46000,33.7410224,-84.8548652,159758304,way,3.74,9.0,HIGH,OpenStreetMap / Overpass,Exact/normalized name match; 2 expected voltage match(es); Within 8 miles of seed location
105,21048,Georgia Power,Georgia,FITZGERALD - PITTS 115 KV LINE REBUILD,LINE,location_1,FITZGERALD,115000,31.715036,-83.2541994,"Fitzgerald, Ben Hill County, Georgia, 31750, United States",Fitzgerald Substation,Unknown,115000;46000,31.7293346,-83.2924114,617660021,way,2.45,8.0,HIGH,OpenStreetMap / Overpass,Exact/normalized name match; 1 expected voltage match(es); Within 8 miles of seed location
105,21048,Georgia Power,Georgia,FITZGERALD - PITTS 115 KV LINE REBUILD,LINE,location_2,PITTS,115000,31.9446209,-83.5407214,"Pitts, Wilcox County, Georgia, United States",Rebecca Substation,Georgia Power,46000,31.8113851,-83.4813166,1051456746,way,9.84,2.5,LOW,OpenStreetMap / Overpass,Operator matches Georgia Power; Within 15 miles of seed location
106,08458,Georgia Transmission Corporation,Georgia,GTC: BARNESVILLE - SOUTH GRIFFIN 230KV PROJECT,LINE,location_1,BARNESVILLE,230000,33.0545709,-84.1557496,"Barnesville, Lamar County, Georgia, 30204, United States",Barnesville Primary Substation,Georgia Power,230000;115000;69000,33.0320694,-84.2012582,564834100,way,3.06,9.0,HIGH,OpenStreetMap / Overpass,Strong partial name match; Operator matches Georgia Transmission Corporation; 1 expected voltage match(es); Within 8 miles of seed location
106,08458,Georgia Transmission Corporation,Georgia,GTC: BARNESVILLE - SOUTH GRIFFIN 230KV PROJECT,LINE,location_2,SOUTH GRIFFIN,230000,31.7775694,-83.3960317,"Alvin Griffin Irrigation Pond Dam South, Ben Hill County, Georgia, United States",Rebecca Substation,Georgia Power,46000,31.8113851,-83.4813166,1051456746,way,5.53,3.0,LOW,OpenStreetMap / Overpass,Operator matches Georgia Transmission Corporation; Within 8 miles of seed location
107,20503,Georgia Transmission Corporation,Georgia,GTC: BARNEYVILLE - EAST MOULTRIE 115KV NEW LINE,LINE,location_1,BARNEYVILLE,115000,31.214078,-83.4540507,"Barneyville, Cook County, Georgia, 31647, United States",Cool Springs Substation,Georgia Power,115000;12000,31.26407,-83.5662893,174466527,way,7.48,4.0,LOW,OpenStreetMap / Overpass,Operator matches Georgia Transmission Corporation; 1 expected voltage match(es); Within 8 miles of seed location
107,20503,Georgia Transmission Corporation,Georgia,GTC: BARNEYVILLE - EAST MOULTRIE 115KV NEW LINE,LINE,location_2,EAST MOULTRIE,115000,31.1721439,-83.7609447,"Murphy USA, Park Avenue South East, Moultrie, Colquitt County, Georgia, 31868, United States",East Moultrie Substation,Georgia Power,230000;115000,31.2421775,-83.7434741,174466530,way,4.95,10.0,HIGH,OpenStreetMap / Overpass,Exact/normalized name match; Operator matches Georgia Transmission Corporation; 1 expected voltage match(es); Within 8 miles of seed location
108,20873,Georgia Transmission Corporation,Georgia,GTC: BONAIRE PRIMARY 500/230KV XFMR REPLCMNT & RELAY MOD,SUBSTATION,location_1,BONAIRE PRIMARY,500000;230000,32.5438429,-83.5960264,"Bonaire, Houston County, Georgia, 31005, United States",Bonaire Primary Substation,Georgia Power,500000,32.5647949,-83.6000226,160308063,way,1.47,11.0,HIGH,OpenStreetMap / Overpass,Exact/normalized name match; Operator matches Georgia Transmission Corporation; 1 expected voltage match(es); Within 2 miles of seed location
109,19992,Georgia Transmission Corporation,Georgia,GTC: BOSTWICK - EAST SOCIAL CIRCLE 230KV RECONDUCTOR,LINE,location_1,BOSTWICK,230000,33.7373712,-83.5145092,"Bostwick, Morgan County, Georgia, United States",East Watkinsville Substation,Georgia Power,230000;115000;12000,33.8605463,-83.3847649,171540512,way,11.31,3.5,LOW,OpenStreetMap / Overpass,Operator matches Georgia Transmission Corporation; 1 expected voltage match(es); Within 15 miles of seed location
109,19992,Georgia Transmission Corporation,Georgia,GTC: BOSTWICK - EAST SOCIAL CIRCLE 230KV RECONDUCTOR,LINE,location_2,EAST SOCIAL CIRCLE,230000,33.6547253,-83.7185308,"East Sycamore Street, Social Circle, Walton County, Georgia, 30025, United States",East Social Circle Substation,Unknown,230000;115000,33.6741503,-83.6793256,171531630,way,2.62,8.0,HIGH,OpenStreetMap / Overpass,Exact/normalized name match; 1 expected voltage match(es); Within 8 miles of seed location
110,20777,Georgia Power,Georgia,JACK MCDONOUGH - NORTHWEST (BLACK) 230KV RECONDUCTOR,LINE,location_1,JACK MCDONOUGH,230000,,,,,,,,,,,,0,LOW,No match,Nominatim could not find general location
110,20777,Georgia Power,Georgia,JACK MCDONOUGH - NORTHWEST (BLACK) 230KV RECONDUCTOR,LINE,location_2,NORTHWEST,230000,33.770365,-84.3979016,"Coca-Cola USA Building, 310, North Avenue Northwest, Atlanta, Fulton County, Georgia, 30332, United States",Wabash,Georgia Power,230000;12000,33.7653626,-84.3714267,261238690,way,1.56,5.0,MEDIUM,OpenStreetMap / Overpass,Operator matches Georgia Power; 1 expected voltage match(es); Within 2 miles of seed location
111,19629,MEAG Power,Georgia,MEAG: BRUMBLEY CREEK - SOUTH BAINBRIDGE 115KV REBUILD,LINE,location_1,BRUMBLEY CREEK,115000,30.8823104,-84.1441595,"Brumbley Creek, Grady County, Georgia, United States",Unnamed,Georgia Power,115000,30.8854143,-84.1736624,541802989,way,1.76,5.0,MEDIUM,OpenStreetMap / Overpass,Operator matches MEAG Power; 1 expected voltage match(es); Within 2 miles of seed location
111,19629,MEAG Power,Georgia,MEAG: BRUMBLEY CREEK - SOUTH BAINBRIDGE 115KV REBUILD,LINE,location_2,SOUTH BAINBRIDGE,115000,30.901212,-84.553753,"South Wheat Avenue, Shotwell Street Retail1, Bainbridge, Decatur County, Georgia, 31717, United States",South Bainbridge Substation,Georgia Power,230000;115000,30.8396079,-84.4889211,165831924,way,5.74,10.0,HIGH,OpenStreetMap / Overpass,Exact/normalized name match; Operator matches MEAG Power; 1 expected voltage match(es); Within 8 miles of seed location
112,19630,MEAG Power,Georgia,MEAG: THOMASVILLE 230/115KV AUTOBANK REPLACEMENT,SUBSTATION,location_1,THOMASVILLE,230000;115000,30.8365815,-83.9787808,"Thomasville, Thomas County, Georgia, 31792, United States",Thomasville Substation,Georgia Transmission Corporation,230000,30.9085196,-84.0050314,172096005,way,5.21,8.0,HIGH,OpenStreetMap / Overpass,Exact/normalized name match; 1 expected voltage match(es); Within 8 miles of seed location
113,20482,Georgia Power,Georgia,PITTMAN ROAD - WEST POINT DAM (USA) 115KV REBUILD,LINE,location_1,PITTMAN ROAD,115000,33.6412254,-84.5847216,"Pittman Road, Holly Brook, South Fulton, Fulton County, Georgia, 30349, United States",Unnamed,Georgia Power,115000,33.6866275,-84.6172176,159784569,way,3.65,4.0,LOW,OpenStreetMap / Overpass,Operator matches Georgia Power; 1 expected voltage match(es); Within 8 miles of seed location
113,20482,Georgia Power,Georgia,PITTMAN ROAD - WEST POINT DAM (USA) 115KV REBUILD,LINE,location_2,WEST POINT DAM,115000,32.9205878,-85.190517,"West Point Dam, Troup County, Georgia, United States",West Point Dam Substation,Unknown,115000,32.9186235,-85.1903899,1051943826,way,0.14,9.0,HIGH,OpenStreetMap / Overpass,Exact/normalized name match; 1 expected voltage match(es); Within 2 miles of seed location
114,20656,Georgia Power,Georgia,PLANT YATES BREAKER AND HALF STATION,SUBSTATION,location_1,PLANT YATES,,33.4577664,-84.89906,"Plant Yates, Coweta County, Georgia, United States",Unnamed,Georgia Power,230000,33.4533461,-84.9054594,652943490,way,0.48,4.0,LOW,OpenStreetMap / Overpass,Operator matches Georgia Power; Within 2 miles of seed location
115,20783,Georgia Power,Georgia,SAV: COLEMAN - DEAN FOREST 115KV LINE REBUILD,LINE,location_1,COLEMAN,115000,,,,,,,,,,,,,LOW,Manual override,"GA PDF p. 334 and p. 407: Coleman - Dean Forest and Coleman - Meldrim are Savannah lines; Nominatim's Coleman seed led to Fort Gaines Substation in southwest Georgia. OSM has two Georgia Power 115 kV substations named Coleman in Savannah (ways 1011846565 and 608270486) with the same tags, 4.3 and 2.8 mi from Dean Forest; the 6.67-mile Coleman - Dean Forest line fits either"
115,20783,Georgia Power,Georgia,SAV: COLEMAN - DEAN FOREST 115KV LINE REBUILD,LINE,location_2,DEAN FOREST,115000,32.0588773,-81.2226964,"Dean Forest Landfill, Savannah, Chatham County, Georgia, United States",Dean Forest Substation,Georgia Power,230000;115000;13800,32.0835097,-81.1887223,121674829,way,2.62,10.0,HIGH,OpenStreetMap / Overpass,Exact/normalized name match; Operator matches Georgia Power; 1 expected voltage match(es); Within 8 miles of seed location
116,20407,Georgia Power,Georgia,SAV: MAGNOLIA - TRUMAN PARKWAY 115KV REBUILD,LINE,location_1,MAGNOLIA,115000,,,,Magnolia Substation,,,32.0226869,-81.0861807,121857248,way,,,HIGH,Manual override,"OSM way 121857248; Nominatim finds Magnolia in Clinch County. This Georgia Power 115 kV substation is in Savannah, 3.6 mi from Boulevard (the Boulevard - Magnolia line is 4.56 miles)"
116,20407,Georgia Power,Georgia,SAV: MAGNOLIA - TRUMAN PARKWAY 115KV REBUILD,LINE,location_2,TRUMAN PARKWAY,115000,32.0255971,-81.0865771,"Harry Truman Parkway, Daffin Heights, Savannah, Chatham County, Georgia, 31404, United States",Magnolia Substation,Georgia Power,115000;46000;13800,32.0226869,-81.0861807,121857248,way,0.2,5.0,MEDIUM,OpenStreetMap / Overpass,Operator matches Georgia Power; 1 expected voltage match(es); Within 2 miles of seed location
117,21069,Georgia Power,Georgia,SMART VALVES AT EAST VILLA RICA SWITCHING STATION,SUBSTATION,location_1,EAST VILLA RICA,230000,33.729514,-84.9129225,"East Montgomery Street, Villa Rica, Carroll County, Georgia, 30180, United States",Villa Rica Substation,Unknown,500000;230000;115000;46000,33.7410224,-84.8548652,159758304,way,3.43,7.0,MEDIUM,OpenStreetMap / Overpass,Strong partial name match; 1 expected voltage match(es); Within 8 miles of seed location
118,20768,Georgia Power,Georgia,SOUTH MACON 115KV BUSES 1 & 2 REPLACEMENT,SUBSTATION,location_1,SOUTH MACON,115000,31.5936623,-81.8980987,"South Macon Street, Jesup, Wayne County, Georgia, 31545, United States",Jesup Substation,Georgia Power,115000,31.6031063,-81.9249474,103029795,way,1.71,5.0,MEDIUM,OpenStreetMap / Overpass,Operator matches Georgia Power; 1 expected voltage match(es); Within 2 miles of seed location
119,20274,Georgia Power,Georgia,UNION CITY - YATES 230KV (BLACK) LINE REBUILD,LINE,location_1,UNION CITY,230000,33.5870558,-84.5424299,"Union City, Fulton County, Georgia, United States",Union Substation,Georgia Power,500000,33.5531702,-84.5090666,159758306,way,3.03,8.0,HIGH,OpenStreetMap / Overpass,Strong partial name match; Operator matches Georgia Power; Within 8 miles of seed location
119,20274,Georgia Power,Georgia,UNION CITY - YATES 230KV (BLACK) LINE REBUILD,LINE,location_2,YATES,230000,33.463447,-84.8949385,"Yates, Coweta County, Georgia, 30275, United States",Yates Common Substation,Georgia Power,115000;46000,33.4616412,-84.9041978,652943491,way,0.55,9.0,HIGH,OpenStreetMap / Overpass,Strong partial name match; Operator matches Georgia Power; Within 2 miles of seed location
120,13166,Georgia Power,Georgia,FIRST AVENUE - NORTH COLUMBUS 115KV LINE REBUILD,LINE,location_1,FIRST AVENUE,115000,,,,,,,,,,,,,LOW,Manual override,"GA PDF p. 339: North Columbus - First Avenue is 0.9 miles, in Columbus; Nominatim finds First Avenue on Tybee Island. No substation named First Avenue is in the cached OSM tiles"
120,13166,Georgia Power,Georgia,FIRST AVENUE - NORTH COLUMBUS 115KV LINE REBUILD,LINE,location_2,NORTH COLUMBUS,115000,32.5258619,-84.9542834,"North Columbus Public Library, 5689, Armour Road, Ogletree Woods, Columbus, Muscogee County, Georgia, 31909, United States",Unnamed,Georgia Power,115000,32.5064763,-84.9695532,493088848,way,1.61,5.0,MEDIUM,OpenStreetMap / Overpass,Operator matches Georgia Power; 1 expected voltage match(es); Within 2 miles of seed location
121,20586,Georgia Transmission Corporation,Georgia,GTC: NORTH DUBLIN 230/115KV TRANSFORMERS AND BUS-TIE BREAKER,SUBSTATION,location_1,NORTH DUBLIN,230000;115000,32.5455833,-82.908126,"North Jefferson Street, Dublin, Laurens County, Georgia, 31921, United States",WestRock Substation,Georgia Power,115000,32.5036702,-82.8426366,960083212,way,4.79,4.0,LOW,OpenStreetMap / Overpass,Operator matches Georgia Transmission Corporation; 1 expected voltage match(es); Within 8 miles of seed location
122,21062,Georgia Power,Georgia,ASHLEY PARK-WANSLEY 500KV,LINE,location_1,ASHLEY PARK,500000,33.3908012,-84.7643828,"Ashley Park, Newnan, Coweta County, Georgia, United States",Unnamed,Georgia Power,115000;25000;12000,33.3924822,-84.7656172,298466110,way,0.14,4.0,LOW,OpenStreetMap / Overpass,Operator matches Georgia Power; Within 2 miles of seed location
122,21062,Georgia Power,Georgia,ASHLEY PARK-WANSLEY 500KV,LINE,location_2,WANSLEY,500000,33.411015,-85.036127,"Hal B. Wansley Powerplant, Yellow Dirt, Heard County, Georgia, United States",Wansley Pump Station Substation,Georgia Power,115000;1247;400,33.4266627,-85.0169695,159784561,way,1.55,9.0,HIGH,OpenStreetMap / Overpass,Strong partial name match; Operator matches Georgia Power; Within 2 miles of seed location
123,10222,Georgia Power,Georgia,BLAKELY PRIMARY - HUCKLEBERRY 115KV REBUILD,LINE,location_1,BLAKELY PRIMARY,115000,31.3773475,-84.9343388,"Blakely, Early County, Georgia, 39823, United States",Blakely Primary Substation,Georgia Power,115000;46000,31.371554,-84.9059802,270628470,way,1.72,11.0,HIGH,OpenStreetMap / Overpass,Exact/normalized name match; Operator matches Georgia Power; 1 expected voltage match(es); Within 2 miles of seed location
123,10222,Georgia Power,Georgia,BLAKELY PRIMARY - HUCKLEBERRY 115KV REBUILD,LINE,location_2,HUCKLEBERRY,115000,31.0046595,-82.5576372,"Huckleberry Island, Ware County, Georgia, United States",Manor Substation,Georgia Transmission Corporation,115000,31.1065193,-82.5762552,1046134265,way,7.12,2.0,LOW,OpenStreetMap / Overpass,1 expected voltage match(es); Within 8 miles of seed location
124,21047,Georgia Power,Georgia,BROADWAY - ECHECONNEE 115 KV LINE REBUILD,LINE,location_1,BROADWAY,115000,32.7727145,-83.6588016,"Broadway, Macon, Bibb County, Georgia, 31206, United States",Unnamed,Georgia Power,115000;12000,32.7748249,-83.6563782,158178928,way,0.2,5.0,MEDIUM,OpenStreetMap / Overpass,Operator matches Georgia Power; 1 expected voltage match(es); Within 2 miles of seed location
124,21047,Georgia Power,Georgia,BROADWAY - ECHECONNEE 115 KV LINE REBUILD,LINE,location_2,ECHECONNEE,115000,32.6851436,-83.700462,"Echeconnee, Houston County, Georgia, 31216, United States",Unnamed,Georgia Power,115000,32.6760008,-83.7079876,760429230,way,0.77,5.0,MEDIUM,OpenStreetMap / Overpass,Operator matches Georgia Power; 1 expected voltage match(es); Within 2 miles of seed location
125,16887,Georgia Power,Georgia,BUTLER - THOMASTON 230KV LINE CONVERSION,LINE,location_1,BUTLER,230000,32.5570898,-84.2382482,"Butler, Taylor County, Georgia, 31006, United States",Butler Primary Substation,Unknown,230000;115000;46000;12000,32.5710217,-84.2897288,170999705,way,3.15,7.0,MEDIUM,OpenStreetMap / Overpass,Strong partial name match; 1 expected voltage match(es); Within 8 miles of seed location
125,16887,Georgia Power,Georgia,BUTLER - THOMASTON 230KV LINE CONVERSION,LINE,location_2,THOMASTON,230000,32.8881879,-84.3265855,"Thomaston, Upson County, Georgia, 30286, United States",Thomaston Primary Substation,Georgia Power,230000,32.8999225,-84.3125168,160308061,way,1.15,10.0,HIGH,OpenStreetMap / Overpass,Strong partial name match; Operator matches Georgia Power; 1 expected voltage match(es); Within 2 miles of seed location
126,21036,Georgia Power,Georgia,BUZZARD ROOST - FACTORY SHOALS 230KV NEW LINE,LINE,location_1,BUZZARD ROOST,230000,34.6703655,-84.2421386,"Buzzard Roost, Fannin County, Georgia, United States",Ellijay Primary Substation,Unknown,230000,34.6846144,-84.4884373,171713851,way,14.03,1.5,LOW,OpenStreetMap / Overpass,1 expected voltage match(es); Within 15 miles of seed location
126,21036,Georgia Power,Georgia,BUZZARD ROOST - FACTORY SHOALS 230KV NEW LINE,LINE,location_2,FACTORY SHOALS,230000,33.4467303,-83.8283004,"Factory Shoals Recreation Park, 450, Covington, Newton County, Georgia, 30014, United States",Ola Substation,Georgia Power,230000,33.4820236,-84.0304165,967507696,way,11.9,3.5,LOW,OpenStreetMap / Overpass,Operator matches Georgia Power; 1 expected voltage match(es); Within 15 miles of seed location
127,21142,Georgia Power,Georgia,CONYERS - KLONDIKE 230 KV SECOND LINE,LINE,location_1,CONYERS,230000,33.6676103,-84.0176904,"Conyers, Rockdale County, Georgia, United States",Klondike Substation,Georgia Power,500000;230000,33.6369768,-84.124487,159784541,way,6.5,4.0,LOW,OpenStreetMap / Overpass,Operator matches Georgia Power; 1 expected voltage match(es); Within 8 miles of seed location
127,21142,Georgia Power,Georgia,CONYERS - KLONDIKE 230 KV SECOND LINE,LINE,location_2,KLONDIKE,230000,33.6456653,-84.1265833,"Klondike, Stonecrest, DeKalb County, Georgia, 30038, United States",Klondike Substation,Georgia Power,500000;230000,33.6369768,-84.124487,159784541,way,0.61,11.0,HIGH,OpenStreetMap / Overpass,Exact/normalized name match; Operator matches Georgia Power; 1 expected voltage match(es); Within 2 miles of seed location
128,21138,Georgia Power,Georgia,GLENWOOD SPRINGS - PORTERDALE PRIMARY 230KV LINE SWITCH REPL,LINE,location_1,GLENWOOD SPRINGS,230000,33.3076645,-83.396503,"Glenwood Springs Road, Eatonton, Putnam County, Georgia, 31024, United States",Eatonton Substation,Georgia Power,230000;115000,33.3044809,-83.4025186,171527955,way,0.41,5.0,MEDIUM,OpenStreetMap / Overpass,Operator matches Georgia Power; 1 expected voltage match(es); Within 2 miles of seed location
128,21138,Georgia Power,Georgia,GLENWOOD SPRINGS - PORTERDALE PRIMARY 230KV LINE SWITCH REPL,LINE,location_2,PORTERDALE PRIMARY,230000,33.5751146,-83.8937954,"Porterdale, Newton County, Georgia, 30070, United States",Covington Substation,Georgia Power,230000,33.5857592,-83.9041735,171523257,way,0.95,5.0,MEDIUM,OpenStreetMap / Overpass,Operator matches Georgia Power; 1 expected voltage match(es); Within 2 miles of seed location
129,21112,Georgia Transmission Corporation,Georgia,GTC: BARNESVILLE PRIMARY - THOMASTON 230KV,LINE,location_1,BARNESVILLE PRIMARY,230000,33.0545709,-84.1557496,"Barnesville, Lamar County, Georgia, 30204, United States",Barnesville Primary Substation,Georgia Power,230000;115000;69000,33.0320694,-84.2012582,564834100,way,3.06,10.0,HIGH,OpenStreetMap / Overpass,Exact/normalized name match; Operator matches Georgia Transmission Corporation; 1 expected voltage match(es); Within 8 miles of seed location
129,21112,Georgia Transmission Corporation,Georgia,GTC: BARNESVILLE PRIMARY - THOMASTON 230KV,LINE,location_2,THOMASTON,230000,32.8881879,-84.3265855,"Thomaston, Upson County, Georgia, 30286, United States",Thomaston Primary Substation,Georgia Power,230000,32.8999225,-84.3125168,160308061,way,1.15,10.0,HIGH,OpenStreetMap / Overpass,Strong partial name match; Operator matches Georgia Transmission Corporation; 1 expected voltage match(es); Within 2 miles of seed location
130,10814,Georgia Transmission Corporation,Georgia,GTC: BAY CREEK 230/115KV SECOND AUTO TRANSFORMER,SUBSTATION,location_1,BAY CREEK,230000;115000,33.8869151,-83.9432959,"Bay Creek, Grayson, Gwinnett County, Georgia, 30017, United States",Bay Creek Substation,Georgia Power,230000,33.8681196,-83.8823506,175826909,way,3.73,10.0,HIGH,OpenStreetMap / Overpass,Exact/normalized name match; Operator matches Georgia Transmission Corporation; 1 expected voltage match(es); Within 8 miles of seed location
131,21140,Georgia Transmission Corporation,Georgia,GTC: BONAIRE PRIMARY - EASTMAN PRIMARY 115 KV LINE REBUILD,LINE,location_1,BONAIRE PRIMARY,115000,32.5438429,-83.5960264,"Bonaire, Houston County, Georgia, 31005, United States",Bonaire Primary Substation,Georgia Power,500000,32.5647949,-83.6000226,160308063,way,1.47,10.0,HIGH,OpenStreetMap / Overpass,Exact/normalized name match; Operator matches Georgia Transmission Corporation; Within 2 miles of seed location
131,21140,Georgia Transmission Corporation,Georgia,GTC: BONAIRE PRIMARY - EASTMAN PRIMARY 115 KV LINE REBUILD,LINE,location_2,EASTMAN PRIMARY,115000,32.1979807,-83.17615,"Eastman, Dodge County, Georgia, 31023, United States",Eastman Primary Substation,Unknown,230000;115000;46000;120000,32.2132993,-83.1614216,164880657,way,1.36,9.0,HIGH,OpenStreetMap / Overpass,Exact/normalized name match; 1 expected voltage match(es); Within 2 miles of seed location
132,20849,Georgia Transmission Corporation,Georgia,GTC: CLIFTONDALE - LINE CREEK 230KV LINE,LINE,location_1,CLIFTONDALE,230000,33.6448322,-84.594654,"Cliftondale, South Fulton, Fulton County, Georgia, United States",Unnamed,Georgia Power,230000,33.6293873,-84.6210734,180122991,way,1.86,5.0,MEDIUM,OpenStreetMap / Overpass,Operator matches Georgia Transmission Corporation; 1 expected voltage match(es); Within 2 miles of seed location
132,20849,Georgia Transmission Corporation,Georgia,GTC: CLIFTONDALE - LINE CREEK 230KV LINE,LINE,location_2,LINE CREEK,230000,33.3593242,-84.5863544,"Line Creek, Peachtree City, Coweta County, Georgia, 30269, United States",Flat Creek Substation,Georgia Power,115000;12000,33.3500426,-84.5493814,909020988,way,2.23,8.0,HIGH,OpenStreetMap / Overpass,Strong partial name match; Operator matches Georgia Transmission Corporation; Within 8 miles of seed location
133,19950,Georgia Transmission Corporation,Georgia,GTC: DRESDEN - TALBOT 500KV LINE,LINE,location_1,DRESDEN,500000,33.3515055,-84.918549,"Dresden, Coweta County, Georgia, United States",Dresden Substation,Unknown,500000,33.3511155,-84.9059539,163891152,way,0.73,9.0,HIGH,OpenStreetMap / Overpass,Exact/normalized name match; 1 expected voltage match(es); Within 2 miles of seed location
133,19950,Georgia Transmission Corporation,Georgia,GTC: DRESDEN - TALBOT 500KV LINE,LINE,location_2,TALBOT,500000,32.6984691,-84.505404,"Talbot County, Georgia, United States",Talbot County Energy Substation,Unknown,230000,32.5888389,-84.6931796,163762719,way,13.29,5.5,MEDIUM,OpenStreetMap / Overpass,Strong partial name match; Within 15 miles of seed location
134,20760,Georgia Transmission Corporation,Georgia,GTC: HOPEWELL 230/115 KV BANK A,SUBSTATION,location_1,HOPEWELL,230000;115000,34.1528746,-84.2854781,"Hopewell, Milton, Fulton County, Georgia, 30004, United States",Hopewell Substation,Georgia Power,230000,34.1741923,-84.2834055,177931281,way,1.48,11.0,HIGH,OpenStreetMap / Overpass,Exact/normalized name match; Operator matches Georgia Transmission Corporation; 1 expected voltage match(es); Within 2 miles of seed location
135,21123,Georgia Transmission Corporation,Georgia,GTC: TENASKA - WANSLEY 500KV NEW LINE,LINE,location_1,TENASKA,500000,33.3518271,-85.0000947,"Tenaska Georgia Generation Facility, 2100, Franklin, Heard County, Georgia, 30217, United States",Tenaska Georgia Substation,Georgia Power,500000,33.3516272,-84.9980901,163891161,way,0.12,10.0,HIGH,OpenStreetMap / Overpass,Strong partial name match; Operator matches Georgia Transmission Corporation; 1 expected voltage match(es); Within 2 miles of seed location
135,21123,Georgia Transmission Corporation,Georgia,GTC: TENASKA - WANSLEY 500KV NEW LINE,LINE,location_2,WANSLEY,500000,33.411015,-85.036127,"Hal B. Wansley Powerplant, Yellow Dirt, Heard County, Georgia, United States",Wansley Pump Station Substation,Georgia Power,115000;1247;400,33.4266627,-85.0169695,159784561,way,1.55,9.0,HIGH,OpenStreetMap / Overpass,Strong partial name match; Operator matches Georgia Transmission Corporation; Within 2 miles of seed location
136,21141,Georgia Power,Georgia,LLOYD SHOALS - PORTERDALE PRIMARY 115KV REBUILD,LINE,location_1,LLOYD SHOALS,115000,33.3299972,-83.8340046,"Lloyd Shoals - North Saddle Dike, Jasper County, Georgia, United States",Unnamed,Georgia Power,115000,33.3208384,-83.8431814,652954484,way,0.83,5.0,MEDIUM,OpenStreetMap / Overpass,Operator matches Georgia Power; 1 expected voltage match(es); Within 2 miles of seed location
136,21141,Georgia Power,Georgia,LLOYD SHOALS - PORTERDALE PRIMARY 115KV REBUILD,LINE,location_2,PORTERDALE PRIMARY,115000,33.5751146,-83.8937954,"Porterdale, Newton County, Georgia, 30070, United States",Unnamed,Georgia Power,115000,33.5492682,-84.0115867,967544546,way,7.01,4.0,LOW,OpenStreetMap / Overpass,Operator matches Georgia Power; 1 expected voltage match(es); Within 8 miles of seed location
137,20285,Georgia Power,Georgia,LOWER RIVER - WEBB (APC) 115KV RECONDUCTOR,LINE,location_1,LOWER RIVER,115000,33.6142204,-85.2869786,"Lower Little Tallapoosa River Watershed Structure Number 25 Dam, Carroll County, Georgia, 30182, United States",Mount Zion Substation,Georgia Power,115000,33.6310321,-85.1811184,836252204,way,6.2,4.0,LOW,OpenStreetMap / Overpass,Operator matches Georgia Power; 1 expected voltage match(es); Within 8 miles of seed location
137,20285,Georgia Power,Georgia,LOWER RIVER - WEBB (APC) 115KV RECONDUCTOR,LINE,location_2,WEBB,115000,34.0973201,-84.2593662,"Webb, Milton, Fulton County, Georgia, 30005, United States",Deerfield / US Highway 9 Substation,Georgia Power,230000,34.0986393,-84.2666529,177931194,way,0.43,4.0,LOW,OpenStreetMap / Overpass,Operator matches Georgia Power; Within 2 miles of seed location
138,19621,Georgia Power,Georgia,MCEVER ROAD - SHOAL CREEK 115KV REBUILD,LINE,location_1,MCEVER ROAD,115000,34.2806679,-83.8766733,"McEver Road, Gainesville, Hall County, Georgia, 30504, United States",McEver Road Substation,Georgia Power,115000,34.2728832,-83.8738012,1037359821,way,0.56,11.0,HIGH,OpenStreetMap / Overpass,Exact/normalized name match; Operator matches Georgia Power; 1 expected voltage match(es); Within 2 miles of seed location
138,19621,Georgia Power,Georgia,MCEVER ROAD - SHOAL CREEK 115KV REBUILD,LINE,location_2,SHOAL CREEK,115000,33.877525,-83.6148344,"Shoal Creek, Walton County, Georgia, United States",Monroe #3 (Old Athens Hwy) Substation,Georgia Power,115000,33.8172719,-83.6962937,176896779,way,6.26,4.0,LOW,OpenStreetMap / Overpass,Operator matches Georgia Power; 1 expected voltage match(es); Within 8 miles of seed location
139,20346,Georgia Power,Georgia,MCMANUS - WEST BRUNSWICK 115KV REBUILD,LINE,location_1,MCMANUS,115000,,,,McManus Switchyard,,,31.213065,-81.5452676,1030860844,way,,,HIGH,Manual override,"OSM way 1030860844; Nominatim finds McManus Ponds in Evans, and the search picked Thurmond Substation. The McManus - West Brunswick 115kV line (GA PDF p. 358) starts at Plant McManus near Brunswick; this switchyard is tagged 115 kV"
139,20346,Georgia Power,Georgia,MCMANUS - WEST BRUNSWICK 115KV REBUILD,LINE,location_2,WEST BRUNSWICK,115000,,,,,,,,,,,,0,LOW,No match,Nominatim could not find general location
140,17706,MEAG Power,Georgia,MEAG: AULTMAN ROAD - FORT VALLEY #1 115 KV REBUILD,LINE,location_1,AULTMAN ROAD,115000,32.5622532,-83.7388103,"Aultman Road, Fort Valley, Peach County, Georgia, 31008, United States",Unnamed,Georgia Power,115000,32.5824279,-83.5709665,160308080,way,9.87,3.5,LOW,OpenStreetMap / Overpass,Operator matches MEAG Power; 1 expected voltage match(es); Within 15 miles of seed location
140,17706,MEAG Power,Georgia,MEAG: AULTMAN ROAD - FORT VALLEY #1 115 KV REBUILD,LINE,location_2,FORT VALLEY,115000,32.5537585,-83.8874084,"Fort Valley, Peach County, Georgia, 31030, United States",Fort Valley Substation,Unknown,115000,32.561358,-83.8722581,493048692,way,1.03,9.0,HIGH,OpenStreetMap / Overpass,Exact/normalized name match; 1 expected voltage match(es); Within 2 miles of seed location
141,11051,MEAG Power,Georgia,MEAG: SLAPPEY DRIVE - WESTOVER 115KV LINE REBUILD,LINE,location_1,SLAPPEY DRIVE,115000,33.4342689,-84.6593304,"Slappey Drive, Coweta County, Georgia, 30277, United States",Unnamed,Georgia Power,115000;46000;12000,33.5187675,-84.6191865,171171654,way,6.28,4.0,LOW,OpenStreetMap / Overpass,Operator matches MEAG Power; 1 expected voltage match(es); Within 8 miles of seed location
141,11051,MEAG Power,Georgia,MEAG: SLAPPEY DRIVE - WESTOVER 115KV LINE REBUILD,LINE,location_2,WESTOVER,115000,31.58934,-84.2112979,"Westover, Albany, Dougherty County, Georgia, 31707, United States",Unnamed,MEAG,115000,31.5832276,-84.2014395,1039823928,way,0.72,5.0,MEDIUM,OpenStreetMap / Overpass,Operator matches MEAG Power; 1 expected voltage match(es); Within 2 miles of seed location
142,20757,Georgia Power,Georgia,NORCROSS - NORTH DRUID HILLS 115KV REBUILD,LINE,location_1,NORCROSS,115000,33.9412127,-84.2135309,"Norcross, Gwinnett County, Georgia, 30071, United States",Norcross Substation,Georgia Power,500000,33.9325571,-84.2134303,159758307,way,0.6,10.0,HIGH,OpenStreetMap / Overpass,Exact/normalized name match; Operator matches Georgia Power; Within 2 miles of seed location
142,20757,Georgia Power,Georgia,NORCROSS - NORTH DRUID HILLS 115KV REBUILD,LINE,location_2,NORTH DRUID HILLS,115000,33.820589,-84.3193797,"North Druid Hills, Brookhaven, DeKalb County, Georgia, 30329, United States",Unnamed,Georgia Power,115000,33.7708584,-84.2916155,87207102,way,3.79,4.0,LOW,OpenStreetMap / Overpass,Operator matches Georgia Power; 1 expected voltage match(es); Within 8 miles of seed location
143,21006,Georgia Power,Georgia,SAV: BOULEVARD - MAGNOLIA 115 KV LINE REBUILD,LINE,location_1,BOULEVARD,115000,,,,Boulevard Substation,,,32.0412308,-81.1444637,381797798,way,,,HIGH,Manual override,"OSM way 381797798; Nominatim finds Boulevard in Athens. This Georgia Power 230/115 kV substation is in Savannah, 3.6 mi from Magnolia (the Boulevard - Magnolia line is 4.56 miles) and 5.9 mi from Deptford (about 8 miles)"
143,21006,Georgia Power,Georgia,SAV: BOULEVARD - MAGNOLIA 115 KV LINE REBUILD,LINE,location_2,MAGNOLIA,115000,,,,Magnolia Substation,,,32.0226869,-81.0861807,121857248,way,,,HIGH,Manual override,"OSM way 121857248; Nominatim finds Magnolia in Clinch County. This Georgia Power 115 kV substation is in Savannah, 3.6 mi from Boulevard (the Boulevard - Magnolia line is 4.56 miles)"
144,21023,Georgia Power,Georgia,SAV: DEAN FOREST - LITTLE OGEECHEE 230 KV REBUILD,LINE,location_1,DEAN FOREST,230000,32.0588773,-81.2226964,"Dean Forest Landfill, Savannah, Chatham County, Georgia, United States",Dean Forest Substation,Georgia Power,230000;115000;13800,32.0835097,-81.1887223,121674829,way,2.62,10.0,HIGH,OpenStreetMap / Overpass,Exact/normalized name match; Operator matches Georgia Power; 1 expected voltage match(es); Within 8 miles of seed location
144,21023,Georgia Power,Georgia,SAV: DEAN FOREST - LITTLE OGEECHEE 230 KV REBUILD,LINE,location_2,LITTLE OGEECHEE,230000,31.986822,-81.185477,"Little Ogeechee River, Savannah, Chatham County, Georgia, United States",Little Ogeechee Substation,Georgia Power,230000;115000,32.0067859,-81.2531513,121701191,way,4.2,10.0,HIGH,OpenStreetMap / Overpass,Exact/normalized name match; Operator matches Georgia Power; 1 expected voltage match(es); Within 8 miles of seed location
145,20989,Georgia Power,Georgia,SAV: RICE HOPE NEW AUTO TRANSFORMER,SUBSTATION,location_1,RICE HOPE,230000;115000,32.2292702,-81.1870795,"Rice Hope Plantation Road, Port Wentworth, Chatham County, Georgia, 31322, United States",Unnamed,Georgia Power,115000,32.2088617,-81.2082109,897598553,way,1.87,5.0,MEDIUM,OpenStreetMap / Overpass,Operator matches Georgia Power; 1 expected voltage match(es); Within 2 miles of seed location
146,13628,Georgia Power,Georgia,SOUTH BAINBRIDGE - SINAI (FPL) 115KV LINE RECONDUCTOR,LINE,location_1,SOUTH BAINBRIDGE,115000,30.901212,-84.553753,"South Wheat Avenue, Shotwell Street Retail1, Bainbridge, Decatur County, Georgia, 31717, United States",South Bainbridge Substation,Georgia Power,230000;115000,30.8396079,-84.4889211,165831924,way,5.74,10.0,HIGH,OpenStreetMap / Overpass,Exact/normalized name match; Operator matches Georgia Power; 1 expected voltage match(es); Within 8 miles of seed location
146,13628,Georgia Power,Georgia,SOUTH BAINBRIDGE - SINAI (FPL) 115KV LINE RECONDUCTOR,LINE,location_2,SINAI,115000,33.9530213,-83.5240155,"Mount Sinai Baptist Church Cemetery, Bogart, Clarke County, Georgia, United States",South Athens Substation,Georgia Power,115000;12000,33.9318108,-83.3921107,237170360,way,7.7,4.0,LOW,OpenStreetMap / Overpass,Operator matches Georgia Power; 1 expected voltage match(es); Within 8 miles of seed location
147,20248,Georgia Power,Georgia,BAY CREEK - CONYERS 230KV REBUILD,LINE,location_1,BAY CREEK,230000,33.8869151,-83.9432959,"Bay Creek, Grayson, Gwinnett County, Georgia, 30017, United States",Bay Creek Substation,Georgia Power,230000,33.8681196,-83.8823506,175826909,way,3.73,10.0,HIGH,OpenStreetMap / Overpass,Exact/normalized name match; Operator matches Georgia Power; 1 expected voltage match(es); Within 8 miles of seed location
147,20248,Georgia Power,Georgia,BAY CREEK - CONYERS 230KV REBUILD,LINE,location_2,CONYERS,230000,33.6676103,-84.0176904,"Conyers, Rockdale County, Georgia, United States",Klondike Substation,Georgia Power,500000;230000,33.6369768,-84.124487,159784541,way,6.5,4.0,LOW,OpenStreetMap / Overpass,Operator matches Georgia Power; 1 expected voltage match(es); Within 8 miles of seed location
148,21129,Georgia Power,Georgia,ANNISTON - HAMMOND 230KV LINE,LINE,location_1,ANNISTON,230000,33.7516721,-84.3375713,"Anniston Avenue Southeast, Edgewood, Atlanta, DeKalb County, Georgia, 30317, United States",Unnamed,Georgia Power,230000,33.7909706,-84.2716775,34771030,way,4.66,4.0,LOW,OpenStreetMap / Overpass,Operator matches Georgia Power; 1 expected voltage match(es); Within 8 miles of seed location
148,21129,Georgia Power,Georgia,ANNISTON - HAMMOND 230KV LINE,LINE,location_2,HAMMOND,230000,33.9253798,-84.3674264,"Hammond, Sandy Springs, Fulton County, Georgia, 30328, United States",Unnamed,Georgia Power,230000,33.9357979,-84.3524111,294379913,way,1.12,5.0,MEDIUM,OpenStreetMap / Overpass,Operator matches Georgia Power; 1 expected voltage match(es); Within 2 miles of seed location
149,20764,Georgia Power,Georgia,ATKINSON - NORTHSIDE DRIVE 115KV REBUILD,LINE,location_1,ATKINSON,115000,31.3030105,-82.8839362,"Atkinson County, Georgia, United States",Pearson Substation,Georgia Power,115000,31.2936765,-82.8421681,1046932986,way,2.55,4.0,LOW,OpenStreetMap / Overpass,Operator matches Georgia Power; 1 expected voltage match(es); Within 8 miles of seed location
149,20764,Georgia Power,Georgia,ATKINSON - NORTHSIDE DRIVE 115KV REBUILD,LINE,location_2,NORTHSIDE DRIVE,115000,33.7802553,-84.4075577,"Northside Drive Northwest, Howell Station, Bankhead, Atlanta, Fulton County, Georgia, 30363, United States",Unnamed,Georgia Power,115000,33.7881259,-84.4069994,234732962,way,0.54,5.0,MEDIUM,OpenStreetMap / Overpass,Operator matches Georgia Power; 1 expected voltage match(es); Within 2 miles of seed location
150,20761,Georgia Power,Georgia,ATKINSON - NORTHWEST 115KV REBUILD,LINE,location_1,ATKINSON,115000,31.3030105,-82.8839362,"Atkinson County, Georgia, United States",Pearson Substation,Georgia Power,115000,31.2936765,-82.8421681,1046932986,way,2.55,4.0,LOW,OpenStreetMap / Overpass,Operator matches Georgia Power; 1 expected voltage match(es); Within 8 miles of seed location
150,20761,Georgia Power,Georgia,ATKINSON - NORTHWEST 115KV REBUILD,LINE,location_2,NORTHWEST,115000,33.770365,-84.3979016,"Coca-Cola USA Building, 310, North Avenue Northwest, Atlanta, Fulton County, Georgia, 30332, United States",Unnamed,Georgia Power,115000,33.7566384,-84.3798065,102226450,way,1.41,5.0,MEDIUM,OpenStreetMap / Overpass,Operator matches Georgia Power; 1 expected voltage match(es); Within 2 miles of seed location
151,21130,Georgia Power,Georgia,CC - NORTH GEORGIA DATA NETWORK UPGRADES,SUBSTATION,location_1,NORTH GEORGIA,115000;46000,33.770365,-84.3979016,"Coca-Cola USA Building, 310, North Avenue Northwest, Atlanta, Fulton County, Georgia, 30332, United States",Unnamed,Georgia Power,115000,33.7566384,-84.3798065,102226450,way,1.41,5.0,MEDIUM,OpenStreetMap / Overpass,Operator matches Georgia Power; 1 expected voltage match(es); Within 2 miles of seed location
152,10478,Georgia Power,Georgia,CORNELIA - TALLULAH LODGE 115KV REBUILD,LINE,location_1,CORNELIA,115000,34.5114883,-83.5271166,"Cornelia, Habersham County, Georgia, United States",Toccoa Primary Substation,Georgia Power,115000,34.5809462,-83.3527341,52440914,way,11.02,3.5,LOW,OpenStreetMap / Overpass,Operator matches Georgia Power; 1 expected voltage match(es); Within 15 miles of seed location
152,10478,Georgia Power,Georgia,CORNELIA - TALLULAH LODGE 115KV REBUILD,LINE,location_2,TALLULAH LODGE,115000,,,,,,,,,,,,0,LOW,No match,Nominatim could not find general location
153,18669,Dalton Utilities,Georgia,DU: DAWSON CROSSING - NELSON (WHITE) 115 KV REBUILD,LINE,location_1,DAWSON CROSSING,115000,,,,,,,,,,,,0,LOW,No match,Nominatim could not find general location
153,18669,Dalton Utilities,Georgia,DU: DAWSON CROSSING - NELSON (WHITE) 115 KV REBUILD,LINE,location_2,NELSON,115000,34.3820371,-84.3710348,"Nelson, Pickens County, Georgia, 30151, United States",Nelson Substation,Georgia Power,230000;115000;46000,34.3865972,-84.3787707,171713857,way,0.54,11.0,HIGH,OpenStreetMap / Overpass,Exact/normalized name match; Operator matches Dalton Utilities; 1 expected voltage match(es); Within 2 miles of seed location
154,21097,Georgia Power,Georgia,EAST POINT - TRIBUTARY 230KV REBUILD,LINE,location_1,EAST POINT,230000,33.6795531,-84.4393724,"East Point, Fulton County, Georgia, 30344, United States",East Point Primary Substation,Georgia Power,230000,33.6763499,-84.4629659,14128477,relation,1.37,10.0,HIGH,OpenStreetMap / Overpass,Strong partial name match; Operator matches Georgia Power; 1 expected voltage match(es); Within 2 miles of seed location
154,21097,Georgia Power,Georgia,EAST POINT - TRIBUTARY 230KV REBUILD,LINE,location_2,TRIBUTARY,230000,33.7129313,-84.6426467,"Tributary, Douglasville, Douglas County, Georgia, United States",Unnamed,Georgia Power,230000,33.7237307,-84.6108396,975245913,way,1.97,5.0,MEDIUM,OpenStreetMap / Overpass,Operator matches Georgia Power; 1 expected voltage match(es); Within 2 miles of seed location
155,20480,Georgia Power,Georgia,EAST POINT - UNION CITY 230KV BLACK LINE RECONDUCTOR,LINE,location_1,EAST POINT,230000,33.6795531,-84.4393724,"East Point, Fulton County, Georgia, 30344, United States",East Point Primary Substation,Georgia Power,230000,33.6763499,-84.4629659,14128477,relation,1.37,10.0,HIGH,OpenStreetMap / Overpass,Strong partial name match; Operator matches Georgia Power; 1 expected voltage match(es); Within 2 miles of seed location
155,20480,Georgia Power,Georgia,EAST POINT - UNION CITY 230KV BLACK LINE RECONDUCTOR,LINE,location_2,UNION CITY,230000,33.5870558,-84.5424299,"Union City, Fulton County, Georgia, United States",Union Substation,Georgia Power,500000,33.5531702,-84.5090666,159758306,way,3.03,8.0,HIGH,OpenStreetMap / Overpass,Strong partial name match; Operator matches Georgia Power; Within 8 miles of seed location
156,19627,Georgia Power,Georgia,ECHECONNEE-WELLSTON 115KV LINE REBUILD,LINE,location_1,ECHECONNEE,115000,32.6851436,-83.700462,"Echeconnee, Houston County, Georgia, 31216, United States",Unnamed,Georgia Power,115000,32.6760008,-83.7079876,760429230,way,0.77,5.0,MEDIUM,OpenStreetMap / Overpass,Operator matches Georgia Power; 1 expected voltage match(es); Within 2 miles of seed location
156,19627,Georgia Power,Georgia,ECHECONNEE-WELLSTON 115KV LINE REBUILD,LINE,location_2,WELLSTON,115000,32.6200973,-83.606568,"Warner Robins, Houston County, Georgia, United States",Unnamed,Georgia Power,115000,32.6000626,-83.5926435,160308119,way,1.6,5.0,MEDIUM,OpenStreetMap / Overpass,Operator matches Georgia Power; 1 expected voltage match(es); Within 2 miles of seed location
157,21063,Georgia Power,Georgia,FARLEY (APC)-TAZEWELL 500KV,LINE,location_1,FARLEY,500000,33.1549459,-84.1143262,"Settle-Farley Family Cemetery, Lamar County, Georgia, United States",Unnamed,Georgia Power,115000,33.2453174,-84.0611828,163891146,way,6.96,3.0,LOW,OpenStreetMap / Overpass,Operator matches Georgia Power; Within 8 miles of seed location
157,21063,Georgia Power,Georgia,FARLEY (APC)-TAZEWELL 500KV,LINE,location_2,TAZEWELL,500000,32.379482,-84.440221,"Tazewell, Marion County, Georgia, United States",Tazeville Substation,Unknown,230000;46000,32.3629583,-84.476911,163762713,way,2.43,1.0,LOW,OpenStreetMap / Overpass,Within 8 miles of seed location
158,12120,Georgia Power,Georgia,GAINESVILLE #2 - MCEVER ROAD 115 KV REBUILD,LINE,location_1,GAINESVILLE,115000,34.2978794,-83.8240663,"Gainesville, Hall County, Georgia, 30501, United States",South Gainesville Substation,Georgia Power,115000;46000;12000,34.2824566,-83.8295054,682561308,way,1.11,10.0,HIGH,OpenStreetMap / Overpass,Strong partial name match; Operator matches Georgia Power; 1 expected voltage match(es); Within 2 miles of seed location
158,12120,Georgia Power,Georgia,GAINESVILLE #2 - MCEVER ROAD 115 KV REBUILD,LINE,location_2,MCEVER ROAD,115000,34.2806679,-83.8766733,"McEver Road, Gainesville, Hall County, Georgia, 30504, United States",McEver Road Substation,Georgia Power,115000,34.2728832,-83.8738012,1037359821,way,0.56,11.0,HIGH,OpenStreetMap / Overpass,Exact/normalized name match; Operator matches Georgia Power; 1 expected voltage match(es); Within 2 miles of seed location
159,20298,Georgia Power,Georgia,GLENWOOD SPRINGS - LAKE OCONEE 115KV LINE REBUILD,LINE,location_1,GLENWOOD SPRINGS,115000,33.3076645,-83.396503,"Glenwood Springs Road, Eatonton, Putnam County, Georgia, 31024, United States",Eatonton Substation,Georgia Power,230000;115000,33.3044809,-83.4025186,171527955,way,0.41,5.0,MEDIUM,OpenStreetMap / Overpass,Operator matches Georgia Power; 1 expected voltage match(es); Within 2 miles of seed location
159,20298,Georgia Power,Georgia,GLENWOOD SPRINGS - LAKE OCONEE 115KV LINE REBUILD,LINE,location_2,LAKE OCONEE,115000,33.504587,-83.282783,"Lake Oconee, Greene County, Georgia, United States",Lake Oconee Substation,Unknown,115000,33.4595297,-83.247451,1054868572,way,3.72,8.0,HIGH,OpenStreetMap / Overpass,Exact/normalized name match; 1 expected voltage match(es); Within 8 miles of seed location
160,21128,Georgia Power,Georgia,GOAT ROCK REACTORS INSTALLATION,SUBSTATION,location_1,GOAT ROCK,230000,32.6095665,-85.0778226,"Goat Rock Dam, Harris County, Georgia, United States",Goat Rock Dam Substation,Unknown,230000;115000,32.6082662,-85.0824629,171967073,way,0.28,8.0,HIGH,OpenStreetMap / Overpass,Strong partial name match; 1 expected voltage match(es); Within 2 miles of seed location
161,19996,Georgia Power,Georgia,GOLDENS CREEK - WARRENTON PRIMARY 230KV REBUILD,LINE,location_1,GOLDENS CREEK,230000,,,,,,,,,,,,0,LOW,No match,Nominatim could not find general location
161,19996,Georgia Power,Georgia,GOLDENS CREEK - WARRENTON PRIMARY 230KV REBUILD,LINE,location_2,WARRENTON PRIMARY,230000,33.4070837,-82.6620781,"Warrenton, Warren County, Georgia, United States",Warrenton Primary Substation,Georgia Power,230000;115000;46000,33.3805007,-82.687296,170296005,way,2.34,10.0,HIGH,OpenStreetMap / Overpass,Exact/normalized name match; Operator matches Georgia Power; 1 expected voltage match(es); Within 8 miles of seed location
162,20428,Georgia Power,Georgia,GORDON-SANDERSVILLE #1 115KV LINE REBUILD (DEEPSTEP-SAND #6),LINE,location_1,GORDON,115000,34.5019651,-84.8986308,"Gordon County, Georgia, United States",Unnamed,Georgia Power,115000;46000,34.5119009,-84.981419,836120337,way,4.76,4.0,LOW,OpenStreetMap / Overpass,Operator matches Georgia Power; 1 expected voltage match(es); Within 8 miles of seed location
162,20428,Georgia Power,Georgia,GORDON-SANDERSVILLE #1 115KV LINE REBUILD (DEEPSTEP-SAND #6),LINE,location_2,SANDERSVILLE,115000,32.9832812,-82.8116031,"Sandersville, Washington County, Georgia, United States",Sandersville Substation #1,Georgia Power,230000;115000;46000;12000,32.9984771,-82.801938,170295993,way,1.19,10.0,HIGH,OpenStreetMap / Overpass,Strong partial name match; Operator matches Georgia Power; 1 expected voltage match(es); Within 2 miles of seed location
163,21116,Georgia Power,Georgia,GOSHEN AREA STRATEGIC SOLUTION,SUBSTATION,location_1,GOSHEN,230000,,,,Goshen Substation,,,33.3197599,-81.9953118,52019569,way,,,HIGH,Manual override,"OSM way 52019569; GA PDF p. 382: a new line into Goshen outside the Goshen - Vogtle corridor, from the Waynesboro - Wilson line, in the Augusta zone (215). This is the Georgia Power 230/115 kV Goshen in south Augusta, not Savannah's"
164,21073,Georgia Transmission Corporation,Georgia,GTC: BIG SMARR - TOMOCHICHI 500KV,LINE,location_1,BIG SMARR,500000,,,,,,,,,,,,0,LOW,No match,Nominatim could not find general location
164,21073,Georgia Transmission Corporation,Georgia,GTC: BIG SMARR - TOMOCHICHI 500KV,LINE,location_2,TOMOCHICHI,500000,,,,,,,,,,,,,LOW,Manual override,"GA PDF p. 383: Big Smarr - Tomochichi, about 36 miles; p. 315 puts Tomochichi on the Ohara - Scherer 500kV line; Nominatim finds the Tomochichi courthouse in Savannah. The new substation isn't in OSM"
165,21014,Georgia Transmission Corporation,Georgia,GTC: BUZZARD ROOST - CAVENDER DRIVE 230KV NEW LINE,LINE,location_1,BUZZARD ROOST,230000,34.6703655,-84.2421386,"Buzzard Roost, Fannin County, Georgia, United States",Ellijay Primary Substation,Unknown,230000,34.6846144,-84.4884373,171713851,way,14.03,1.5,LOW,OpenStreetMap / Overpass,1 expected voltage match(es); Within 15 miles of seed location
165,21014,Georgia Transmission Corporation,Georgia,GTC: BUZZARD ROOST - CAVENDER DRIVE 230KV NEW LINE,LINE,location_2,CAVENDER DRIVE,230000,34.7294377,-85.0013674,"Cavender Drive, Whitfield County, Georgia, 30720, United States",Dug Gap Substation,Unknown,115000,34.744815,-85.0017002,53271674,way,1.06,2.0,LOW,OpenStreetMap / Overpass,Within 2 miles of seed location
166,21013,Georgia Transmission Corporation,Georgia,GTC: CAVENDER DRIVE 500/230KV AUTOBANK,SUBSTATION,location_1,CAVENDER DRIVE,500000;230000,34.7294377,-85.0013674,"Cavender Drive, Whitfield County, Georgia, 30720, United States",Dug Gap Substation,Unknown,115000,34.744815,-85.0017002,53271674,way,1.06,2.0,LOW,OpenStreetMap / Overpass,Within 2 miles of seed location
167,20375,Georgia Transmission Corporation,Georgia,GTC: EAST WATKINSVILLE 230 KV STATION MODIFICATION,SUBSTATION,location_1,EAST WATKINSVILLE,230000,33.8712,-83.3995868,"East Pasture Trail, Watkinsville, Oconee County, Georgia, 30644, United States",East Watkinsville Substation,Georgia Power,230000;115000;12000,33.8605463,-83.3847649,171540512,way,1.12,11.0,HIGH,OpenStreetMap / Overpass,Exact/normalized name match; Operator matches Georgia Transmission Corporation; 1 expected voltage match(es); Within 2 miles of seed location
168,21111,Georgia Transmission Corporation,Georgia,GTC: HARTWELL DAM - HARTWELL ENERGY 230KV SERIES REACTORS,LINE,location_1,HARTWELL DAM,230000,34.3580058,-82.8211088,"Hartwell Dam, Hart County, Georgia, United States",Hartwell Lake Dam Substation,Duke Energy,230000,34.3552126,-82.8206727,52168409,way,0.19,5.0,MEDIUM,OpenStreetMap / Overpass,Partial word overlap; 1 expected voltage match(es); Within 2 miles of seed location
168,21111,Georgia Transmission Corporation,Georgia,GTC: HARTWELL DAM - HARTWELL ENERGY 230KV SERIES REACTORS,LINE,location_2,HARTWELL ENERGY,230000,34.3392413,-82.8201715,"Hartwell Energy Facility, Hart County, Georgia, United States",Hartwell Energy Facility Substation,Unknown,230000,34.3411567,-82.821173,52408419,way,0.14,8.0,HIGH,OpenStreetMap / Overpass,Strong partial name match; 1 expected voltage match(es); Within 2 miles of seed location
169,21113,Georgia Transmission Corporation,Georgia,GTC: HARTWELL ENERGY - MIDDLE FORK 230KV LINE,LINE,location_1,HARTWELL ENERGY,230000,34.3392413,-82.8201715,"Hartwell Energy Facility, Hart County, Georgia, United States",Hartwell Energy Facility Substation,Unknown,230000,34.3411567,-82.821173,52408419,way,0.14,8.0,HIGH,OpenStreetMap / Overpass,Strong partial name match; 1 expected voltage match(es); Within 2 miles of seed location
169,21113,Georgia Transmission Corporation,Georgia,GTC: HARTWELL ENERGY - MIDDLE FORK 230KV LINE,LINE,location_2,MIDDLE FORK,230000,34.4225382,-83.3586118,"Middle Fork Broad River, Franklin County, Georgia, United States",Toccoa Primary Substation,Georgia Power,115000,34.5809462,-83.3527341,52440914,way,10.95,2.5,LOW,OpenStreetMap / Overpass,Operator matches Georgia Transmission Corporation; Within 15 miles of seed location
170,21131,Georgia Transmission Corporation,Georgia,GTC: POND FORK - MIDWAY 115KV LINE,LINE,location_1,POND FORK,115000,34.2494774,-83.7396206,"Pond Fork, Frontier Trail, Hall County, Georgia, 30507, United States",Gainesville Substation #2,Georgia Power,230000;115000;46000;12000,34.263022,-83.8096728,179716524,way,4.11,4.0,LOW,OpenStreetMap / Overpass,Operator matches Georgia Transmission Corporation; 1 expected voltage match(es); Within 8 miles of seed location
170,21131,Georgia Transmission Corporation,Georgia,GTC: POND FORK - MIDWAY 115KV LINE,LINE,location_2,MIDWAY,115000,31.805769,-81.4306642,"Midway, Liberty County, Georgia, 31320, United States",Cay Creek Substation,Georgia Power,115000,31.7991764,-81.435948,1028570278,way,0.55,5.0,MEDIUM,OpenStreetMap / Overpass,Operator matches Georgia Transmission Corporation; 1 expected voltage match(es); Within 2 miles of seed location
171,21077,Georgia Transmission Corporation,Georgia,GTC: ROCKVILLE - TIGER CREEK -WARTHEN 500KV LINES,MULTI_LINE,location_1,ROCKVILLE,500000,33.3276362,-83.2187677,"Rockville, Putnam County, Georgia, United States",Unnamed,Georgia Power,115000;46000;12000,33.193109,-83.0775106,170296006,way,12.37,2.5,LOW,OpenStreetMap / Overpass,Operator matches Georgia Transmission Corporation; Within 15 miles of seed location
171,21077,Georgia Transmission Corporation,Georgia,GTC: ROCKVILLE - TIGER CREEK -WARTHEN 500KV LINES,MULTI_LINE,location_2,TIGER CREEK,500000,34.9482515,-84.9826042,"Tiger Creek, Whitfield County, Georgia, 30710, United States",Bradley Substation,Tennessee Valley Authority,500000,35.0422484,-84.9591367,159758308,way,6.63,2.0,LOW,OpenStreetMap / Overpass,1 expected voltage match(es); Within 8 miles of seed location
171,21077,Georgia Transmission Corporation,Georgia,GTC: ROCKVILLE - TIGER CREEK -WARTHEN 500KV LINES,MULTI_LINE,location_3,WARTHEN,500000,33.1007005,-82.8042787,"Warthen, Washington County, Georgia, United States",Warthen Substation,Unknown,500000,33.1200621,-82.8594838,160057277,way,3.46,8.0,HIGH,OpenStreetMap / Overpass,Exact/normalized name match; 1 expected voltage match(es); Within 8 miles of seed location
172,21076,Georgia Transmission Corporation,Georgia,GTC: TALLBOT #2 - TAZEWELL 500KV LINE,LINE,location_1,TALBOT,500000,32.6984691,-84.505404,"Talbot County, Georgia, United States",Talbot County Energy Substation,Unknown,230000,32.5888389,-84.6931796,163762719,way,13.29,5.5,MEDIUM,OpenStreetMap / Overpass,Strong partial name match; Within 15 miles of seed location
172,21076,Georgia Transmission Corporation,Georgia,GTC: TALLBOT #2 - TAZEWELL 500KV LINE,LINE,location_2,TAZEWELL,500000,32.379482,-84.440221,"Tazewell, Marion County, Georgia, United States",Tazeville Substation,Unknown,230000;46000,32.3629583,-84.476911,163762713,way,2.43,1.0,LOW,OpenStreetMap / Overpass,Within 8 miles of seed location
173,21094,Georgia Transmission Corporation,Georgia,GTC: TIGER CREEK- ROCKVILLE-NORTH SPA 230KV PROJECT,MULTI_LINE,location_1,TIGER CREEK,230000,34.9482515,-84.9826042,"Tiger Creek, Whitfield County, Georgia, 30710, United States",Tunnel Hill Substation,Unknown,230000;115000,34.8570189,-85.0137434,53164092,way,6.55,2.0,LOW,OpenStreetMap / Overpass,1 expected voltage match(es); Within 8 miles of seed location
173,21094,Georgia Transmission Corporation,Georgia,GTC: TIGER CREEK- ROCKVILLE-NORTH SPA 230KV PROJECT,MULTI_LINE,location_2,ROCKVILLE,230000,33.3276362,-83.2187677,"Rockville, Putnam County, Georgia, United States",Harlee Branch Substation,Georgia Power,230000,33.1957959,-83.2979351,170296008,way,10.19,3.5,LOW,OpenStreetMap / Overpass,Operator matches Georgia Transmission Corporation; 1 expected voltage match(es); Within 15 miles of seed location
173,21094,Georgia Transmission Corporation,Georgia,GTC: TIGER CREEK- ROCKVILLE-NORTH SPA 230KV PROJECT,MULTI_LINE,location_3,NORTH SPA,230000,,,,,,,,,,,,0,LOW,No match,Nominatim could not find general location
174,20789,Georgia Power,Georgia,JEFFERSON ROAD - WINDER PRIMARY 115KV REBUILD,LINE,location_1,JEFFERSON ROAD,115000,33.9762147,-83.4142862,"Jefferson Road, Athens, Clarke County, Georgia, 30607, United States",Jefferson Substation,Georgia Power,69000,34.1181759,-83.569619,1017508450,way,13.24,7.5,MEDIUM,OpenStreetMap / Overpass,Strong partial name match; Operator matches Georgia Power; Within 15 miles of seed location
174,20789,Georgia Power,Georgia,JEFFERSON ROAD - WINDER PRIMARY 115KV REBUILD,LINE,location_2,WINDER PRIMARY,115000,33.9919085,-83.7184368,"Winder, Barrow County, Georgia, United States",Winder Primary Substation,Georgia Power,230000,33.9954594,-83.7531307,171583070,way,2.0,9.0,HIGH,OpenStreetMap / Overpass,Exact/normalized name match; Operator matches Georgia Power; Within 8 miles of seed location
175,20284,Georgia Power,Georgia,KETTLE CREEK PRIMARY - PINE GROVE PRIMARY 115KV REBUILD,LINE,location_1,KETTLE CREEK PRIMARY,115000,31.2639468,-82.3601079,"Kettle Creek, Jamestown, Ware County, Georgia, 31501, United States",Unnamed,Georgia Power,115000,31.2462457,-82.3777434,52074039,way,1.61,5.0,MEDIUM,OpenStreetMap / Overpass,Operator matches Georgia Power; 1 expected voltage match(es); Within 2 miles of seed location
175,20284,Georgia Power,Georgia,KETTLE CREEK PRIMARY - PINE GROVE PRIMARY 115KV REBUILD,LINE,location_2,PINE GROVE PRIMARY,115000,33.5695631,-83.7168431,"Pine Grove, Newton County, Georgia, United States",Starrsville Substation,Georgia Power,115000,33.5462007,-83.8456666,970373451,way,7.59,4.0,LOW,OpenStreetMap / Overpass,Operator matches Georgia Power; 1 expected voltage match(es); Within 8 miles of seed location
176,21118,MEAG Power,Georgia,MEAG: ATHENA - WARRENTON 230KV CONVERSION,LINE,location_1,ATHENA,230000,33.959713,-83.3730675,"Athena, North Thomas Street, Athens, Clarke County, Georgia, 30601, United States",Athena Substation,Georgia Power,230000;115000;12000,33.9764031,-83.3461189,171540528,way,1.93,11.0,HIGH,OpenStreetMap / Overpass,Exact/normalized name match; Operator matches MEAG Power; 1 expected voltage match(es); Within 2 miles of seed location
176,21118,MEAG Power,Georgia,MEAG: ATHENA - WARRENTON 230KV CONVERSION,LINE,location_2,WARRENTON,230000,33.4070837,-82.6620781,"Warrenton, Warren County, Georgia, United States",Warrenton Substation,Georgia Power,46000;8000,33.4064479,-82.6708417,1046106634,way,0.51,10.0,HIGH,OpenStreetMap / Overpass,Exact/normalized name match; Operator matches MEAG Power; Within 2 miles of seed location
177,20857,Georgia Power,Georgia,NEW CAVENDER DRIVE - TRIBUTARY 230KV LINE,LINE,location_1,NEW CAVENDER DRIVE,230000,,,,,,,,,,,,0,LOW,No match,Nominatim could not find general location
177,20857,Georgia Power,Georgia,NEW CAVENDER DRIVE - TRIBUTARY 230KV LINE,LINE,location_2,TRIBUTARY,230000,33.7129313,-84.6426467,"Tributary, Douglasville, Douglas County, Georgia, United States",Unnamed,Georgia Power,230000,33.7237307,-84.6108396,975245913,way,1.97,5.0,MEDIUM,OpenStreetMap / Overpass,Operator matches Georgia Power; 1 expected voltage match(es); Within 2 miles of seed location
178,21093,Georgia Power,Georgia,NORTH SPA 230KV STRATEGIC PROJECT,SUBSTATION,location_1,NORTH SPA,230000,,,,,,,,,,,,0,LOW,No match,Nominatim could not find general location
179,19995,Georgia Power,Georgia,TALLULAH LODGE - TOCCOA 115 KV REBUILD,LINE,location_1,TALLULAH LODGE,115000,,,,,,,,,,,,0,LOW,No match,Nominatim could not find general location
179,19995,Georgia Power,Georgia,TALLULAH LODGE - TOCCOA 115 KV REBUILD,LINE,location_2,TOCCOA,115000,34.5774368,-83.332881,"Toccoa, Stephens County, Georgia, 30577, United States",Toccoa Primary Substation,Georgia Power,115000,34.5809462,-83.3527341,52440914,way,1.16,10.0,HIGH,OpenStreetMap / Overpass,Strong partial name match; Operator matches Georgia Power; 1 expected voltage match(es); Within 2 miles of seed location
180,21098,Georgia Power,Georgia,TRIBUTARY - THORNTON RD 230KV REBUILD,LINE,location_1,TRIBUTARY,230000,33.7129313,-84.6426467,"Tributary, Douglasville, Douglas County, Georgia, United States",Unnamed,Georgia Power,230000,33.7237307,-84.6108396,975245913,way,1.97,5.0,MEDIUM,OpenStreetMap / Overpass,Operator matches Georgia Power; 1 expected voltage match(es); Within 2 miles of seed location
180,21098,Georgia Power,Georgia,TRIBUTARY - THORNTON RD 230KV REBUILD,LINE,location_2,THORNTON ROAD,230000,33.79089,-84.6273235,"Thornton Road, Lithia Springs, Douglas County, Georgia, 30122, United States",Milford Substation,Georgia Power,230000,33.8860506,-84.5981346,175000638,way,6.79,4.0,LOW,OpenStreetMap / Overpass,Operator matches Georgia Power; 1 expected voltage match(es); Within 8 miles of seed location
181,20160,Georgia Power,Georgia,THOMASTON 230 NEW BUILD SUB,SUBSTATION,location_1,THOMASTON,230000;115000,32.8881879,-84.3265855,"Thomaston, Upson County, Georgia, 30286, United States",Thomaston Primary Substation,Georgia Power,230000,32.8999225,-84.3125168,160308061,way,1.15,10.0,HIGH,OpenStreetMap / Overpass,Strong partial name match; Operator matches Georgia Power; 1 expected voltage match(es); Within 2 miles of seed location
182,18848,Georgia Power,Georgia,"BAINBRIDGE TRANSMISSION: EAST RIVER ROAD, EAST BAINBRIDGE",MULTI_SITE,location_1,BAINBRIDGE,115000,30.9038252,-84.5754768,"Bainbridge, Decatur County, Georgia, United States",Bainbridge Substation,Georgia Power,115000;12470,30.9125521,-84.5669923,1058040908,way,0.79,11.0,HIGH,OpenStreetMap / Overpass,Exact/normalized name match; Operator matches Georgia Power; 1 expected voltage match(es); Within 2 miles of seed location
182,18848,Georgia Power,Georgia,"BAINBRIDGE TRANSMISSION: EAST RIVER ROAD, EAST BAINBRIDGE",MULTI_SITE,location_2,EAST RIVER ROAD,115000,30.9234687,-84.5559555,"East River Road, Bainbridge, Decatur County, Georgia, 39817, United States",East Bainbridge Substation,Georgia Power,115000;24900;12470,30.9114763,-84.5487673,492355206,way,0.93,5.0,MEDIUM,OpenStreetMap / Overpass,Operator matches Georgia Power; 1 expected voltage match(es); Within 2 miles of seed location
182,18848,Georgia Power,Georgia,"BAINBRIDGE TRANSMISSION: EAST RIVER ROAD, EAST BAINBRIDGE",MULTI_SITE,location_3,EAST BAINBRIDGE,115000,30.8895996,-84.5685091,"Murphy USA, 502, East Alice Street, Tallahassee Highway Retail, Bainbridge, Decatur County, Georgia, 39819, United States",East Bainbridge Substation,Georgia Power,115000;24900;12470,30.9114763,-84.5487673,492355206,way,1.91,11.0,HIGH,OpenStreetMap / Overpass,Exact/normalized name match; Operator matches Georgia Power; 1 expected voltage match(es); Within 2 miles of seed location
183,19626,Georgia Power,Georgia,GLENWOOD SPRINGS 115KV CAP BANK,SUBSTATION,location_1,GLENWOOD SPRINGS,115000,33.3076645,-83.396503,"Glenwood Springs Road, Eatonton, Putnam County, Georgia, 31024, United States",Eatonton Substation,Georgia Power,230000;115000,33.3044809,-83.4025186,171527955,way,0.41,5.0,MEDIUM,OpenStreetMap / Overpass,Operator matches Georgia Power; 1 expected voltage match(es); Within 2 miles of seed location
184,20690,Georgia Power,Georgia,EAST POINT - UNION CITY (WHITE) 230KV REBUILD,LINE,location_1,EAST POINT,230000,33.6795531,-84.4393724,"East Point, Fulton County, Georgia, 30344, United States",East Point Primary Substation,Georgia Power,230000,33.6763499,-84.4629659,14128477,relation,1.37,10.0,HIGH,OpenStreetMap / Overpass,Strong partial name match; Operator matches Georgia Power; 1 expected voltage match(es); Within 2 miles of seed location
184,20690,Georgia Power,Georgia,EAST POINT - UNION CITY (WHITE) 230KV REBUILD,LINE,location_2,UNION CITY,230000,33.5870558,-84.5424299,"Union City, Fulton County, Georgia, United States",Union Substation,Georgia Power,500000,33.5531702,-84.5090666,159758306,way,3.03,8.0,HIGH,OpenStreetMap / Overpass,Strong partial name match; Operator matches Georgia Power; Within 8 miles of seed location
185,19632,Georgia Power,Georgia,AVERY - HOPEWELL 115KV RECONDUCTOR,LINE,location_1,AVERY,115000,34.1956518,-84.4224269,"Avery, Cherokee County, Georgia, 30115, United States",Avery Substation,Georgia Power,115000,34.2169889,-84.3857643,700215120,way,2.56,10.0,HIGH,OpenStreetMap / Overpass,Exact/normalized name match; Operator matches Georgia Power; 1 expected voltage match(es); Within 8 miles of seed location
185,19632,Georgia Power,Georgia,AVERY - HOPEWELL 115KV RECONDUCTOR,LINE,location_2,HOPEWELL,115000,34.1528746,-84.2854781,"Hopewell, Milton, Fulton County, Georgia, 30004, United States",Hopewell Substation,Georgia Power,230000,34.1741923,-84.2834055,177931281,way,1.48,10.0,HIGH,OpenStreetMap / Overpass,Exact/normalized name match; Operator matches Georgia Power; Within 2 miles of seed location
186,10811,Georgia Power,Georgia,BOWEN #10 500/230KV AUTOBANK REPLACEMENT,SUBSTATION,location_1,BOWEN,500000;230000,31.861043,-81.5984454,"Bowen, Hinesville, Liberty County, Georgia, 31314, United States",Dorchester Substation,Georgia Power,230000;115000,31.8122394,-81.4998138,103024819,way,6.7,4.0,LOW,OpenStreetMap / Overpass,Operator matches Georgia Power; 1 expected voltage match(es); Within 8 miles of seed location
187,20756,Georgia Power,Georgia,HATCH - WADLEY 500 KV LINE STRATEGIC PROJECT,LINE,location_1,HATCH,500000,31.9322466,-82.3444512,"Hatch Nuclear Power Plant, Appling County, Georgia, United States",Hatch Nuclear Plant Substation,Georgia Power,500000;230000,31.9346568,-82.3476974,160308126,way,0.25,10.0,HIGH,OpenStreetMap / Overpass,Strong partial name match; Operator matches Georgia Power; 1 expected voltage match(es); Within 2 miles of seed location
187,20756,Georgia Power,Georgia,HATCH - WADLEY 500 KV LINE STRATEGIC PROJECT,LINE,location_2,WADLEY,500000,32.8668223,-82.4040162,"Wadley, Jefferson County, Georgia, 30477, United States",Wadley Substation,Georgia Power,500000,32.8846571,-82.4158724,1005940922,way,1.41,11.0,HIGH,OpenStreetMap / Overpass,Exact/normalized name match; Operator matches Georgia Power; 1 expected voltage match(es); Within 2 miles of seed location
188,21099,MEAG Power,Georgia,MEAG: PIO NONO 230/115KV AREA SOLUTION,SUBSTATION,location_1,PIO NONO,230000;115000,32.7847252,-83.6665238,"Pio Nono Avenue, Tharpe Heights, Macon, Bibb County, Georgia, 31206, United States",Unnamed,Georgia Power,115000;12000,32.7748249,-83.6563782,158178928,way,0.9,5.0,MEDIUM,OpenStreetMap / Overpass,Operator matches MEAG Power; 1 expected voltage match(es); Within 2 miles of seed location
189,21114,MEAG Power,Georgia,MEAG: SOUTH GRIFFIN 230/115KV BANK #5,SUBSTATION,location_1,SOUTH GRIFFIN,230000;115000,31.7775694,-83.3960317,"Alvin Griffin Irrigation Pond Dam South, Ben Hill County, Georgia, United States",Ocilla Substation,Georgia Power,115000,31.6098973,-83.2517552,174534094,way,14.36,3.5,LOW,OpenStreetMap / Overpass,Operator matches MEAG Power; 1 expected voltage match(es); Within 15 miles of seed location
190,20784,Georgia Power,Georgia,SAV: COLEMAN - MELDRIM 115KV LINE REBUILD,LINE,location_1,COLEMAN,115000,,,,,,,,,,,,,LOW,Manual override,"GA PDF p. 334 and p. 407: Coleman - Dean Forest and Coleman - Meldrim are Savannah lines; Nominatim's Coleman seed led to Fort Gaines Substation in southwest Georgia. OSM has two Georgia Power 115 kV substations named Coleman in Savannah (ways 1011846565 and 608270486) with the same tags, 4.3 and 2.8 mi from Dean Forest; the 6.67-mile Coleman - Dean Forest line fits either"
190,20784,Georgia Power,Georgia,SAV: COLEMAN - MELDRIM 115KV LINE REBUILD,LINE,location_2,MELDRIM,115000,32.1432582,-81.3778902,"Meldrim, Effingham County, Georgia, 31318, United States",Meldrim Substation,Georgia Power,230000;115000;46000,32.1552821,-81.368377,121624363,way,1.0,11.0,HIGH,OpenStreetMap / Overpass,Exact/normalized name match; Operator matches Georgia Power; 1 expected voltage match(es); Within 2 miles of seed location
191,20767,Georgia Power,Georgia,ARKWRIGHT BUS AND JUMPER REPLACEMENT,SUBSTATION,location_1,ARKWRIGHT,115000,32.9329147,-83.7029575,"Arkwright, Macon, Bibb County, Georgia, 31209, United States",Arkwight Substation,Georgia Power,115000,32.9272219,-83.698878,164024559,way,0.46,5.0,MEDIUM,OpenStreetMap / Overpass,Operator matches Georgia Power; 1 expected voltage match(es); Within 2 miles of seed location
192,20758,Georgia Power,Georgia,BAY CREEK - CONYERS 230KV LIMITING ELEMENT REPLACEMENT,LINE,location_1,BAY CREEK,230000,33.8869151,-83.9432959,"Bay Creek, Grayson, Gwinnett County, Georgia, 30017, United States",Bay Creek Substation,Georgia Power,230000,33.8681196,-83.8823506,175826909,way,3.73,10.0,HIGH,OpenStreetMap / Overpass,Exact/normalized name match; Operator matches Georgia Power; 1 expected voltage match(es); Within 8 miles of seed location
192,20758,Georgia Power,Georgia,BAY CREEK - CONYERS 230KV LIMITING ELEMENT REPLACEMENT,LINE,location_2,CONYERS,230000,33.6676103,-84.0176904,"Conyers, Rockdale County, Georgia, United States",Klondike Substation,Georgia Power,500000;230000,33.6369768,-84.124487,159784541,way,6.5,4.0,LOW,OpenStreetMap / Overpass,Operator matches Georgia Power; 1 expected voltage match(es); Within 8 miles of seed location
193,20793,Georgia Power,Georgia,EVANS PRIMARY - THURMOND DAM (USA) #5 115KV REBUILD,LINE,location_1,EVANS PRIMARY,115000,,,,Evans Primary Substation,,,33.5439942,-82.1686481,52103255,way,,,HIGH,Manual override,"OSM way 52103255; Nominatim finds Evans County. This Georgia Power 230/115 kV substation is in Evans, Columbia County, 8.2 mi from Thurmond Substation. The organizers' sheet uses the same point"
193,20793,Georgia Power,Georgia,EVANS PRIMARY - THURMOND DAM (USA) #5 115KV REBUILD,LINE,location_2,THURMOND DAM,115000,33.6611734,-82.1985171,"J. Strom Thurmond Dam, McCormick County, South Carolina, United States",Thurmond Substation,Georgia Power,115000,33.6601273,-82.1959307,52102019,way,0.17,10.0,HIGH,OpenStreetMap / Overpass,Strong partial name match; Operator matches Georgia Power; 1 expected voltage match(es); Within 2 miles of seed location
194,20794,Georgia Power,Georgia,EVANS PRIMARY - THURMOND DAM (USA) #6 115KV REBUILD,LINE,location_1,EVANS PRIMARY,115000,,,,Evans Primary Substation,,,33.5439942,-82.1686481,52103255,way,,,HIGH,Manual override,"OSM way 52103255; Nominatim finds Evans County. This Georgia Power 230/115 kV substation is in Evans, Columbia County, 8.2 mi from Thurmond Substation. The organizers' sheet uses the same point"
194,20794,Georgia Power,Georgia,EVANS PRIMARY - THURMOND DAM (USA) #6 115KV REBUILD,LINE,location_2,THURMOND DAM,115000,33.6611734,-82.1985171,"J. Strom Thurmond Dam, McCormick County, South Carolina, United States",Thurmond Substation,Georgia Power,115000,33.6601273,-82.1959307,52102019,way,0.17,10.0,HIGH,OpenStreetMap / Overpass,Strong partial name match; Operator matches Georgia Power; 1 expected voltage match(es); Within 2 miles of seed location
195,12217,Georgia Transmission Corporation,Georgia,GTC: CENTER PRIMARY - CLARKSBORO 230 KV REBUILD,LINE,location_1,CENTER PRIMARY,230000,32.1279662,-82.396794,"Center, Toombs County, Georgia, United States",Vidalia Substation,Georgia Power,230000,32.231904,-82.4065408,160308056,way,7.2,4.0,LOW,OpenStreetMap / Overpass,Operator matches Georgia Transmission Corporation; 1 expected voltage match(es); Within 8 miles of seed location
195,12217,Georgia Transmission Corporation,Georgia,GTC: CENTER PRIMARY - CLARKSBORO 230 KV REBUILD,LINE,location_2,CLARKSBORO,230000,34.0412232,-83.4982174,"Clarksboro, Jackson County, Georgia, United States",Athens Substation,Georgia Power,230000,33.9711849,-83.3929946,171540519,way,7.73,4.0,LOW,OpenStreetMap / Overpass,Operator matches Georgia Transmission Corporation; 1 expected voltage match(es); Within 8 miles of seed location
196,20773,Georgia Transmission Corporation,Georgia,GTC: CLARKSBORO - WINDER PRIMARY 230KV REBUILD,LINE,location_1,CLARKSBORO,230000,34.0412232,-83.4982174,"Clarksboro, Jackson County, Georgia, United States",Athens Substation,Georgia Power,230000,33.9711849,-83.3929946,171540519,way,7.73,4.0,LOW,OpenStreetMap / Overpass,Operator matches Georgia Transmission Corporation; 1 expected voltage match(es); Within 8 miles of seed location
196,20773,Georgia Transmission Corporation,Georgia,GTC: CLARKSBORO - WINDER PRIMARY 230KV REBUILD,LINE,location_2,WINDER PRIMARY,230000,33.9919085,-83.7184368,"Winder, Barrow County, Georgia, United States",Winder Primary Substation,Georgia Power,230000,33.9954594,-83.7531307,171583070,way,2.0,10.0,HIGH,OpenStreetMap / Overpass,Exact/normalized name match; Operator matches Georgia Transmission Corporation; 1 expected voltage match(es); Within 8 miles of seed location
197,12147,Georgia Transmission Corporation,Georgia,GTC: EAST SOCIAL CIRCLE - SNELLVILLE 230KV EQUIPMENT UPGRADE,LINE,location_1,EAST SOCIAL CIRCLE,230000,33.6547253,-83.7185308,"East Sycamore Street, Social Circle, Walton County, Georgia, 30025, United States",East Social Circle Substation,Unknown,230000;115000,33.6741503,-83.6793256,171531630,way,2.62,8.0,HIGH,OpenStreetMap / Overpass,Exact/normalized name match; 1 expected voltage match(es); Within 8 miles of seed location
197,12147,Georgia Transmission Corporation,Georgia,GTC: EAST SOCIAL CIRCLE - SNELLVILLE 230KV EQUIPMENT UPGRADE,LINE,location_2,SNELLVILLE,230000,33.857328,-84.0199108,"Snellville, Gwinnett County, Georgia, United States",Snellville Substation,Georgia Power,230000,33.8388687,-84.0481209,176906115,way,2.06,10.0,HIGH,OpenStreetMap / Overpass,Exact/normalized name match; Operator matches Georgia Transmission Corporation; 1 expected voltage match(es); Within 8 miles of seed location
198,21075,Georgia Transmission Corporation,Georgia,GTC: EAST WALTON - MIDDLE FORK 500KV,LINE,location_1,EAST WALTON,500000,33.0918951,-83.2256872,"East Walton Street, Milledgeville, Baldwin County, Georgia, 31061, United States",Milledgeville Primary Substation,Georgia Power,115000;46000;12000,33.07785,-83.2411278,480341615,way,1.32,4.0,LOW,OpenStreetMap / Overpass,Operator matches Georgia Transmission Corporation; Within 2 miles of seed location
198,21075,Georgia Transmission Corporation,Georgia,GTC: EAST WALTON - MIDDLE FORK 500KV,LINE,location_2,MIDDLE FORK,500000,34.4225382,-83.3586118,"Middle Fork Broad River, Franklin County, Georgia, United States",Toccoa Primary Substation,Georgia Power,115000,34.5809462,-83.3527341,52440914,way,10.95,2.5,LOW,OpenStreetMap / Overpass,Operator matches Georgia Transmission Corporation; Within 15 miles of seed location
199,20791,Georgia Transmission Corporation,Georgia,GTC: SHOAL CREEK - SOUTH HALL 230KV REBUILD,LINE,location_1,SHOAL CREEK,230000,33.877525,-83.6148344,"Shoal Creek, Walton County, Georgia, United States",Monroe Switch Station,Georgia Power,230000,33.8136479,-83.6948632,176896777,way,6.37,4.0,LOW,OpenStreetMap / Overpass,Operator matches Georgia Transmission Corporation; 1 expected voltage match(es); Within 8 miles of seed location
199,20791,Georgia Transmission Corporation,Georgia,GTC: SHOAL CREEK - SOUTH HALL 230KV REBUILD,LINE,location_2,SOUTH HALL,230000,34.2247539,-85.1850109,"South Hall, Darlington Drive Southwest, Darlington Square, Rome, Floyd County, Georgia, 30161, United States",Unnamed,Georgia Power,230000,34.2718599,-85.3102293,842248196,way,7.86,4.0,LOW,OpenStreetMap / Overpass,Operator matches Georgia Transmission Corporation; 1 expected voltage match(es); Within 8 miles of seed location
200,21053,Georgia Power,Georgia,MCEVER ROAD - SHOAL CREEK 115KV REBUILD PHASE III,LINE,location_1,MCEVER ROAD,115000,34.2806679,-83.8766733,"McEver Road, Gainesville, Hall County, Georgia, 30504, United States",McEver Road Substation,Georgia Power,115000,34.2728832,-83.8738012,1037359821,way,0.56,11.0,HIGH,OpenStreetMap / Overpass,Exact/normalized name match; Operator matches Georgia Power; 1 expected voltage match(es); Within 2 miles of seed location
200,21053,Georgia Power,Georgia,MCEVER ROAD - SHOAL CREEK 115KV REBUILD PHASE III,LINE,location_2,SHOAL CREEK,115000,33.877525,-83.6148344,"Shoal Creek, Walton County, Georgia, United States",Monroe #3 (Old Athens Hwy) Substation,Georgia Power,115000,33.8172719,-83.6962937,176896779,way,6.26,4.0,LOW,OpenStreetMap / Overpass,Operator matches Georgia Power; 1 expected voltage match(es); Within 8 miles of seed location
201,09661,Georgia Power,Georgia,MCGRAU FORD - MIDDLE FORK 500KV LINE PROJECT,LINE,location_1,MCGRAU FORD,500000,,,,,,,,,,,,0,LOW,No match,Nominatim could not find general location
201,09661,Georgia Power,Georgia,MCGRAU FORD - MIDDLE FORK 500KV LINE PROJECT,LINE,location_2,MIDDLE FORK,500000,34.4225382,-83.3586118,"Middle Fork Broad River, Franklin County, Georgia, United States",Toccoa Primary Substation,Georgia Power,115000,34.5809462,-83.3527341,52440914,way,10.95,2.5,LOW,OpenStreetMap / Overpass,Operator matches Georgia Power; Within 15 miles of seed location
202,20796,Georgia Power,Georgia,SAV: MELDRIM BANK D REPLACEMENT,SUBSTATION,location_1,MELDRIM,230000;115000,32.1432582,-81.3778902,"Meldrim, Effingham County, Georgia, 31318, United States",Meldrim Substation,Georgia Power,230000;115000;46000,32.1552821,-81.368377,121624363,way,1.0,12.0,HIGH,OpenStreetMap / Overpass,Exact/normalized name match; Operator matches Georgia Power; 2 expected voltage match(es); Within 2 miles of seed location
203,14222,Georgia Power,Georgia,THOMSON PRIMARY 230/115KV SECOND TRANSFORMER,SUBSTATION,location_1,THOMSON PRIMARY,230000;115000,33.4663248,-82.5026089,"Thomson, McDuffie County, Georgia, 30824, United States",Thomson Primary Substation,Georgia Power,500000;230000;115000;46000,33.453955,-82.414219,160065782,way,5.17,11.0,HIGH,OpenStreetMap / Overpass,Exact/normalized name match; Operator matches Georgia Power; 2 expected voltage match(es); Within 8 miles of seed location
204,20759,Georgia Power,Georgia,WINDER PRIMARY 230KV BUS 1-2 PARALLEL BUS-TIE INSTALLATION,SUBSTATION,location_1,WINDER PRIMARY,230000,33.9919085,-83.7184368,"Winder, Barrow County, Georgia, United States",Winder Primary Substation,Georgia Power,230000,33.9954594,-83.7531307,171583070,way,2.0,10.0,HIGH,OpenStreetMap / Overpass,Exact/normalized name match; Operator matches Georgia Power; 1 expected voltage match(es); Within 8 miles of seed location
205,10487,Georgia Power,Georgia,PINE GROVE PRIMARY - WEST VALDOSTA 115 KV RECONDUCTOR,LINE,location_1,PINE GROVE PRIMARY,115000,33.5695631,-83.7168431,"Pine Grove, Newton County, Georgia, United States",Starrsville Substation,Georgia Power,115000,33.5462007,-83.8456666,970373451,way,7.59,4.0,LOW,OpenStreetMap / Overpass,Operator matches Georgia Power; 1 expected voltage match(es); Within 8 miles of seed location
205,10487,Georgia Power,Georgia,PINE GROVE PRIMARY - WEST VALDOSTA 115 KV RECONDUCTOR,LINE,location_2,WEST VALDOSTA,115000,30.8157571,-83.3148748,"West Valdosta, Valdosta, Lowndes County, Georgia, 31603, United States",Valdosta Substation,Georgia Power,115000,30.8240849,-83.2876241,424876668,way,1.72,10.0,HIGH,OpenStreetMap / Overpass,Strong partial name match; Operator matches Georgia Power; 1 expected voltage match(es); Within 2 miles of seed location
206,18700,Georgia Power,Georgia,DAWSON CROSSING - GAINESVILLE #1 115 KV,LINE,location_1,DAWSON CROSSING,115000,,,,,,,,,,,,0,LOW,No match,Nominatim could not find general location
206,18700,Georgia Power,Georgia,DAWSON CROSSING - GAINESVILLE #1 115 KV,LINE,location_2,GAINESVILLE,115000,34.2978794,-83.8240663,"Gainesville, Hall County, Georgia, 30501, United States",South Gainesville Substation,Georgia Power,115000;46000;12000,34.2824566,-83.8295054,682561308,way,1.11,10.0,HIGH,OpenStreetMap / Overpass,Strong partial name match; Operator matches Georgia Power; 1 expected voltage match(es); Within 2 miles of seed location
207,20787,Georgia Power,Georgia,SAV: LITTLE OGEECHEE 230/115KV BANK REPLACEMENT,SUBSTATION,location_1,LITTLE OGEECHEE,230000;115000,31.986822,-81.185477,"Little Ogeechee River, Savannah, Chatham County, Georgia, United States",Little Ogeechee Substation,Georgia Power,230000;115000,32.0067859,-81.2531513,121701191,way,4.2,11.0,HIGH,OpenStreetMap / Overpass,Exact/normalized name match; Operator matches Georgia Power; 2 expected voltage match(es); Within 8 miles of seed location
208,17993,Georgia Power,Georgia,EVANS PRIMARY - THOMSON PRIMARY 115KV REBUILD,LINE,location_1,EVANS PRIMARY,115000,,,,Evans Primary Substation,,,33.5439942,-82.1686481,52103255,way,,,HIGH,Manual override,"OSM way 52103255; Nominatim finds Evans County. This Georgia Power 230/115 kV substation is in Evans, Columbia County, 8.2 mi from Thurmond Substation. The organizers' sheet uses the same point"
208,17993,Georgia Power,Georgia,EVANS PRIMARY - THOMSON PRIMARY 115KV REBUILD,LINE,location_2,THOMSON PRIMARY,115000,33.4663248,-82.5026089,"Thomson, McDuffie County, Georgia, 30824, United States",Thomson Primary Substation,Georgia Power,500000;230000;115000;46000,33.453955,-82.414219,160065782,way,5.17,10.0,HIGH,OpenStreetMap / Overpass,Exact/normalized name match; Operator matches Georgia Power; 1 expected voltage match(es); Within 8 miles of seed location
